user,entries
rdx1qspke2skccujfetp2w0egnhcaymfyzvj73nm6clqck5ea6zkkeul3mqj7tm7a,5
rdx1qsptxddvu4z47etv5gqm823kv7xywg5m4smz63jy9jlqlgtrvzdex3qha5dka,5
rdx1qsp0rdfa3dh5cv47026kfz4t62y58r6ea23fq8j0fzc4rh6empwflactgnj34,5
rdx1qspchsyawn0vevggst8j7g3n9cpk8qknvuty5zsl0j8pe868xpcxsaqmvvu67,5
rdx1qspv6sddd2xvjjlf98fzx6zl35yw3kmc9azafxdpn0wved79atjeyxs8f52cn,5
rdx1qsph4cfd8ayjeh3k6q868kxqnutdveuh28tmtew6ns5a856l3gwjgjcw8mw6g,5
rdx1qsp3n6eux34qq8y5egtukn49axdf87lyyg7a3678lus977qmqcmenrgmfu7v0,5
rdx1qspcqzplkss5lgmk32ca32d6t227zfcx8krkz6jrlqc20n90en4j4gsgpy5uq,5
rdx1qsp607cchcg76zh8yjrpll2fhgn5zph5009se2kdx5skzjqmhacj8zsselh4q,5
rdx1qsputtj6ycrgg6xq35kr3396lmed35kyrcvmk3paf2dqkpnushpzpaglkjzme,5
rdx1qspwjd0uhshvxhk9ta30txzdrmudag585gvfky84hkzfen2zey8xk2cznpege,5
rdx1qsp7encuwfv9t4jwwr5atjvay9hwdw4qdfvm4cahxgjltfnsckrfnlqzzn5zf,5
rdx1qsp2a50fyzhzguwgudrpsw85q2x9xuql9tevq43p4wwa3gdpycz7tsg0qtc9p,5
rdx1qspd0qmh0emj9yels59g50gjve6yyh92d4p7nu3plnme9rlpmltqmjsqraxne,5
rdx1qspvugvu0u5h8hw0h2weygas2z7mp4wpepa9sq40m9ut9m4jrvyaqhcnezxdy,5
rdx1qsp06kt9keefuwg7rf2ehk0rxtxdtlfwf4we56fcz7u5nkuj3wwh4qcy5f6ps,5
rdx1qsp6erc8smmlnssd6cpfc0akj87ugl43w8ttsh2ej6xw92yn4s5an9g3jy9j3,5
rdx1qsp2ar6q9kx9fks8cvdvy8fhphuapth6vgxjwqjlgxncetp8dgk24vs0jyt9j,5
rdx1qsp9k8pvxm82tfta75fdz22p8l0pe5ts25mvlkvvr9ylvmeuukegdxgfcq8ht,5
rdx1qsp06z3nhm6my2r04vcmhk09dautf9xqf7htj3yvctxhsd6n8wau29ghmdgmr,5
rdx1qsp76aveq428xcjx08hjwt22gc3xm9xda5hm6lx0plc8rms06v7ffys724ldn,5
rdx1qspxyzsmfgk3h29zrwcxkrywgwquuvqyce5gs2dpafree242dv0zxmgdw85wl,5
rdx1qspgh9pu9kct4rm5g5030q2zd9w3kcfzj5swfwqytwu7mzhkvmg053s52ap7p,5
rdx1qspp4m3hn6pxgv66xvrmwhmdm42upamkspwfcds0dv4t4kd0h8f6huq92tvep,5
rdx1qspsrqrp4x2wvk6kpsrcyh6jnlsc55vtvyrfz586g06ujnmagnrfm7q49v72l,5
rdx1qsp3fdhv0y5ksml9fy89k6nf09pywqc4fv30ghmf8s5jve73v98734cy5tvky,5
rdx1qsp0jl3s6mu0acy6jhp8ajc4tj58gkdfc45ft9ur6r972ylacgps7ssrh4vkn,5
rdx1qspjs9j8plhpdz6j2j5p59y8qe096ylnctdvau72kvy3dxmmwy7wsagaleq9l,5
rdx1qspk7gvw9tw4rlc6hgcn5skc9w9lqe5845h0nky2g88p3rdxhsvc82cqce98f,5
rdx1qspwpgqmurr2mxme5wnhk4a83nl654nvu349gq9649f2cn3umc0vw3c24kldh,5
rdx1qsptdd8qes47xx5v8ypdrs39j6rsf9m52kcjhxchzxyvcqynl3lgcdcqawa46,5
rdx1qspen5vate4rmyuqa7pp5j67ewkwcgclj3mrv03jcmpu8u90rcmgrxg54v93p,5
rdx1qsp9tlw6pdtemzp397dctu456trlg8w8ameenwse0z2k93w6fvawjaqenhgjk,5
rdx1qspgy3d59j9ext52dngmyhw7pxcmcxxy9ufp6skzznx5px9wque6j2cw98d8k,5
rdx1qspk538qnrw6dg2kn9rrfy6n9dvqyx5234q2ywx568ztqjkxlvn6c6qqrkcef,5
rdx1qspazyfwe9gtgjv3wmezf52c5a40zm3vkuzxx4kfczcf0t2mr2ecccs3rftcp,5
rdx1qspcpt49609ly9sk6gtmvsc4zvczwszefj74xrluarq80k324pa57ygkc58qz,5
rdx1qsp0kktq49w35mh55spqj7kayeufrp6njzwfn7488uc3v60acjmnlgc0x4vmf,5
rdx1qsp30f47qy76lsh6nalfaefrg6tn7t42eg5ysx83pepkwpv3a7m5husp9l6jw,5
rdx1qspfa0l6jmze2yr9fg6llcatm23t9wmflc3ecjfr0700w7jkgengfagcfe8s6,5
rdx1qspm82nhy99yr3jumxjsm72a7af7xsezd84c2mrz0udptc2s3x3kdwc4u2aer,5
rdx1qspn70eefr2k4dm2zutlggfvdsl2a45haa4l3k5z9w6304p7pdfwp3sl9mvyr,5
rdx1qsp3jsksvln46un3lc8xvj8d98hjhcmlg4meg2vafcjfhzyyq3a9engyjsk99,5
rdx1qsprcd5cv5y7v8ekzxkh6s2p2gy7knl0ctlqq3yztmqsvalxn7rehrqj2y0gw,5
rdx1qspcu3wqnh49q65qz9gzxa467th89307352upejg4j3gtl55sjn48fc99d8j2,5
rdx1qspdp7knlu4fvr73myr0nt2c34y6mtukgjxd338wlgj7ccntewfyxuqfgs2dg,5
rdx1qspg00egrz9q3x2gldmgsmexulzaf2pgprh885z4s5s48enzdxnnr6gxw6vsa,5
rdx1qsp49368dqzxdp4mnkjcpal43ae9htasr6ja3zqfwnvpzez679zmm4syyk2as,5
rdx1qspcganl8pnvrfcx932dmkazhumwfv2g0247gd8xp36sg6v5yd7pm0gds5wdq,5
rdx1qsp2rhk4jxncnpy3mcmuus65u73548qz3tns49x3g4hcm7z5j3d6axsujmdvl,5
rdx1qspqa20jcdqpgdw52a20akc30sc5jr7gxc3uxcmlzx3slwp45nh6s0s9mppnj,5
rdx1qspkvawyrz57nq58wxh6vlj0fprwvzhfksuf237nlytymzkt0pz6g2s7syrpn,5
rdx1qspzryy6w6psq7gk998pcmd3tl4na5sjxke7yjj0jlzhufrrqvehf3qxt62v4,5
rdx1qspyx0nzwgt3za6ea643wgyzd7zz9y52w49d6eax5s7ghvawngp684qzke927,4
rdx1qsp6wwvr5yzfrvpefghkhf2c0nh8mcya27ze8mlttgxl2vu59pf8rtcjlkqqf,4
rdx1qspj9va4warz38akmqupjmzk9aem8llcv7xnfcwzvc6ftq2nr23fsag9tu7ee,4
rdx1qsphp4tmr74yzxx8zndgfyk4m5nkmfr06tlw8cjjqs0rwgrxc4fd0rsfhflhw,4
rdx1qsp2zwfdjkalukxkg93ye5t6k9rpc4krt9lrrckrv8mugrtsnlvm7ec465z8h,4
rdx1qsp30a948nxzkm6wketqe35uqh66hxrcr024nnfc2x0yp3t0we6dzasnr49cq,4
rdx1qspzksz0k6ngyyycnvhpg9hhd6u3y3c40kney508uvn3y3nyzg36kygp777hx,4
rdx1qsp6qg8pavyslfj9xma35gr8zw2e3l7fzf3u3txam2c0fkw9xnt2fhcu4jhev,4
rdx1qsp9j7duncl845762v2x62c5yhjrhvr0wln4x743kh02rvgd5e9sp8s3c24tl,4
rdx1qsp264077zykd5xm9rj9l07aqmuh7yhf5jz0r9m36edyxcmtk0q832spkfndu,4
rdx1qspuse3mdxmpnxsur6w9c3y5pwpchr0sh87xwwf4hf2ds60eljw0sjsejpeee,4
rdx1qspn9glvcvt4xg9zuza84c4d9jmmkzs5ern5rmy8xgxg6mndk702s9su5qyma,4
rdx1qspk3gcpeyyq72cqw69y68c0zlqr9a2489mgemz4y033l7rl5qnljzgwv3y0q,4
rdx1qsp8ux6w68rej7ytqz3md0lmvmcqnqcazq3w3vl8e6qk6zw00e7vj2qmhphpg,3
rdx1qsplvyn3j4d520zyhpz80yvl067p8jcpcjr9dauurewdx4ujyq7mx7ghp0xng,3
rdx1qspzgxla6jpq577x05f8eyfzwstnml6q440qpr734ymur6j8wuza5wc3lfqka,3
rdx1qspjefam4vk30uxq9y7re9lm8nc9deeupq7xj73566p9sgzgkyzv79c766xfd,3
rdx1qsp5cutm23ln07fscqwvkl7z0p8n259nvwxcj9x734yr83p34z8vhuqfdyxlq,3
rdx1qsp35ncg6qxazy0sqxjhdsr7tdj53a4t3ynjz77hzuhy4v2h74d2kuc7l88m7,3
rdx1qsp7nnzys6xtcw9rj0uv9h868ee68nmmmr7h322e5rnx3y62j6va47s4u4ul9,3
rdx1qspu2767p9s8qs5llprkfx84wlcwf8nygqjc7xdhc6aevkpl84n3w0cz2wgku,3
rdx1qspna44t97w3t7h5gxxngd5nktdsakl28a63v5a82rakss3y59servcxjsg2n,3
rdx1qspxq7l8vhymmgsqzwq9gnw088djv07yr5ggcx3kurrdekt08nwu8fqvcpwcy,3
rdx1qsp9nqq3mt5x3hl8jsttssserws9hj40hjaul6fas3qckg0enprugjcewxlte,3
rdx1qspjq78yswqwgxl2f4qrkn85z39xs0ye59h96m4w4u3w4hhl4fma3wgzxceef,3
rdx1qspx9ne5tfknhrvtnuzvu9rhh58h4x4d9wqtzcykuqu6gmye39ceaycy9a0tr,3
rdx1qspnyy0m3e3h0628rjpz4f9peapdg7nphzmw5e2emzc4jdfehrxgwjcgyqvpp,3
rdx1qspxu9tnacswkc4xv9k9g9r0kxacqu403aksld68s2xerjh09ed8q2cnkxjzs,3
rdx1qsp8wj9wd8qt378glgtqcwl66upz595k0zwp9t084jf6qt6kqjrlngcvymfkd,3
rdx1qspztjjjymrxt2lsh9savrn66l8hl7cwtntwwgw7j486yr6l5n25f2s4e5ycs,3
rdx1qspknyachak4n9th2ttvjgw7k72a9qtedl55758rms29w98syt7vf3q6nd0pj,3
rdx1qspm9a4w2vc946axkq34yhhn47ll2n9a29kqzka3mlkxcu0z45twtpsa76rk6,3
rdx1qspuc9er9wum4u2qz92z596ussxdk9c7urkzdjypwdzr5kt9v66zf6ger5t5y,3
rdx1qspmardna0222c3smgxkts94xyrq047qlh4txnn7cv5wf936y7a0zcch8np0m,3
rdx1qsp8rdtw8k9x8sml4elj3sf4gnw3cdrps4krlca3tuqnmawns43pkpcvl7vvx,3
rdx1qspy9dpqyfpx9a5rsvd08jpzr3m8d04a4rersvf36pdzeelehug8e8q04s4ql,3
rdx1qsp60h32ccst4vgzzp2r36szcr7vpzv344wg3h70lpalkyqkt4zhptcfzalne,3
rdx1qsplmn4alnvlm097dtpc8ferm3uw8jfum05gg5jdph2t9wehnrhj6xqhedgts,3
rdx1qspymvylm3tdlr3h724mjrescfa3qjfhsg3pw4axg9x6encu83g9yqgcx9wdr,3
rdx1qspt3hw8j6aaasplmzy3k280zh9xg3r4xf6u09nsz8675jngsyhs5vchy2daw,3
rdx1qspd6kyh0gawkm2rcf3p0yjc9f5s6nzdtsrj7d98vkzv4ll6lg76s0sm2j2zh,2
rdx1qspk3mznu8y00qyfy8af3szuw4t97mmysre05ztkrzxutw3pwjg0ewcj7jz2w,2
rdx1qsp2lffulvdjaurydv3kn308c8mynuvl2fwcltrfqcuu6y9guqpznxqtrhkkk,2
rdx1qspg3p9nhaadwdfg5snp0kd8cjp70mpp579lqc6jyrpl52s7n8cpl5gaw3d9t,2
rdx1qspn0pgu8q5wcfggelkkh7lvjfknvw9fgr7ddqsxh5j3whfc9p6cf7gnxfjrx,2
rdx1qspj5c3086qn4g5f7esrqy2j2uytuvnenazs6aw792230ptdadu2ukg9ffnrq,2
rdx1qspdnq8gn3p6pjefdn2v7v222qxljn3k4zf6rpmscuk5c6jluh8hwssc62nrl,2
rdx1qspvyl538sq9pgq6r739dr7tagd90p4whh0nj9g23ktgp0rpz27h3fchldx5a,2
rdx1qspav4wxjeuxh6teq0a69avxrej77ql3jpxrsfashdll8kazc0ng0wscfptp5,2
rdx1qspu39cvrxn7zt67286uky7gxheqaqvmp8zk06gmkr85llxtd2j8e0sj20gs7,2
rdx1qspsj5mrnf67av3t3jh9l9tvmt9c8ccnc7m2dv5l3k8h8892ql6sxpq5lelkx,2
rdx1qspjkfpd4hs6y2da6uasm8v57t5l59enz3rrp87u0lvqef7nx0ufdjsaqfc5k,2
rdx1qsp2mm6ha7hc6k5d5wlywuhu5k92yvt4npgx8snkfcauammaq5spmssm4c68t,2
rdx1qspr35tyme8lx5qvpmuxmcljf89maq0rnwmdmx3ax3l006na3g4mpfq0rvysd,2
rdx1qsp2jmc7kr0nuyvwd6c3jhw3z7ah0vpmyyq5a2vz95ts22w8re3565q9206em,2
rdx1qsp7as3830np5cdccm393xppfg37pq77h9kh8mc7rkdu92ayqfl77nqnz4wwy,2
rdx1qsppaa4jftuujrmwlc39yah246rw0agq2ypt6tlr8qnsgvn46plakzsua6zsw,2
rdx1qsp93qav6smwul2pqg0ngjdqnsk5zsx6wyyhegxmrz8hjrd6dm02ppcm7z75j,2
rdx1qsp2y867lyjx38znh82py028d5rtf5sk06h8kwtvlwny9n5gcuekmws87cdnn,2
rdx1qsph3smnnjm9xyr5vtnd9xzh25ke952dzh2n4n39dc5yulmq2r5kktcmtyyt9,2
rdx1qspc3s2x3h2t72wcrxgagsg6nm9ekzweyln5qgkmfwwwkzve0e9zapcvtgszy,2
rdx1qspqkuf3k78lrle44krdfff0hng3se8m5psjf8dnnau2462tq34m45c2w2ufk,2
rdx1qspnhgcavkvjdzc6g684p6tsmcc6cuukj4krdf560ejepw4lcrjea8c0j83qx,2
rdx1qspxc9dkudeapuhpxmh6kxj4rwljcrz92k4seazmdxyjezdndtfrtlqg2g6yy,2
rdx1qsp79vvylrywnhyd037qnh7lpecwemjednpk2r8chhnvzf8gkjkxxaqpr2wer,2
rdx1qspe9x6kclxqe6l5d3wdqdyg55gpfee5d026vl7dfetcf2qatv3mfks3yx4al,2
rdx1qsp0uwfrnth8we5qcf0kc53aq36jvd2dpkzt88ejkn4rq2ftsuerx9sg2z2ch,2
rdx1qspr9d0ne0ed7d7s5gd38qdt5ttfr9ahlwny6gje4pspvswrnyfag5c77aekv,2
rdx1qsp8caq53jnfuyfykgr46wssy7agdhpmxy27w4ete8h3knsvr88v8nsfj93nv,2
rdx1qspex7nx67r8k5k22tujnf7ykamdeqs872dlqfkv237m9rlxngp5qpgayxsvv,2
rdx1qsp328xugrxvazuzxcflys5g8ccndyy95h7axvzfyp6p03e3q87j5ps2l92ls,2
rdx1qsp8u6hj2408gdtlfzlfhy3ac3hlvj3wfpx79gnfkppel8jue7wjthqd5aq0c,2
rdx1qspa5lmew7flf54yjjcfc8r847dj08dkfx6h36v85lftv2e40vznt4cf4zrp7,2
rdx1qspww0ne6spq332jvxfj4zacl5dmlwsqa8tmy9qgqmnx4dhq5rmxwfspc96ej,2
rdx1qspemnvzvpmmvrpgay0sq8tatcahlyvxzynvzd3pgmeskqxhfddcd3qlqn7an,2
rdx1qspgyupwxvgzucsvqv3gt6azv0uywlz898fj0c4cw64qadmzutrgqdqz6y7ss,2
rdx1qspmq9myhpx4gklkummz8rz3zk4gqx9gxfnwf36h7kg8ktcx89e0qcgq866jv,2
rdx1qspaa2p8lajyverzclxdjdkyde66ezfrllhxp2g3nxxfevdeurl8xecxqfnf5,2
rdx1qspw4a08y9f75zxxdtpld5krpq3wr2c5tmmkv7772kr8auseg0sm55qnz7f6g,2
rdx1qspxxwsvsga8rwvtxryx57kyl29tfhjh8fjdcpf3ked4xqtm5ffvm4q47kc42,2
rdx1qspk8dlne9d4t2ursr7dhurmyxc8qsggnflw6j06jc5merjlx7txchs9hzzdc,2
rdx1qsplxvk5pmq3gtmpztskju0wz03j336kgexqjf7mu236m3l8vwackgsqee0jx,2
rdx1qspa4v4ujepsvkk2v6y8rtdv8ayqtxukd3e4jt0vkp3wrkp39y8y9actwxdkd,2
rdx1qsph9890vjeyajxqd5fhcdapzwzugls9ywv0vpdafnqvuh46q7d3e4grmfjjr,2
rdx1qspsvy722mnmzm56gqtnlcr64padfzs5eml0ageyq6eevhlgrzrua5c63cg05,2
rdx1qspq77h7jzfpv04y8ug4gsxc7vejfjpd2297awyn08ej6eqv62mmmggascasx,2
rdx1qspzpwn95tv885ccjmexlnpvxfkx54ddkm5ypygaku3ln7f56tl64pstm548w,2
rdx1qsp8cagwck8mfe9zlydlp5cd25wkfa8fmh096h5pwacz7yfkusv3yhsm7rvrc,2
rdx1qspw2p3wvtqtkqdx3zq54crz9ts8w3u9e7ptyg056w54x3d05k2pk5sax4vqu,2
rdx1qsp5t39u77zzll090taze2rhds0u7s80nw9yf6hpyvuw6hykp4exjegvw69s8,2
rdx1qspcp55ffggesr7yjenw0zcshjw322tghnf7lp9qrs5xljwxpfau78gursmml,2
rdx1qsppdy3jm2s2uk0x4kwt8g2ck5huuwdsksfskv6e4hmjxg5497nqq2gdn9kk0,2
rdx1qsppkdhhp0m8racg477a0vd3r8zd535pkrnrw6v7fngseejw9j3prdclpcwr2,2
rdx1qspxwq6ejym0hqvtwqz6rkmfrxgegjf6y0mz63pveks7klunlgcdswgmrj34g,2
rdx1qspscth7ejgslsgghkn4428g07yevfew6eejlgf3n2juy79rg0mvq7q0qjnk8,2
rdx1qspwy4mdpyelmnefneylj4hrv7pcxefcwwsfngjst3peye8t76d9m9c2smc8x,2
rdx1qsprh43qlyj8m3lac24rdsw4nlaxyz3qjtg75cxsd3qts70vx5v5vgseq246z,2
rdx1qspvm4fum6pnsg625avky9d5w7t4dwjh34hm5a3ay0fr6ej6unsqd0ch8vu70,2
rdx1qspajr7cam0yjl09ujatrm0lal7j2jcusszl45q9ajt7v9nf72cvpus3ylmyg,2
rdx1qspqq3wmlyujhwe5nzy42v0r6m72dfdw2sqkwcr9kxlf6erj5m5qejcpcequd,2
rdx1qsp0v3ya53fgvzju8czhsu0er8yl3fn7pv6mwn4xfz84g5cyksjnkjqz5jyy3,2
rdx1qspxdzsqjc0d63ayz68743z8f7c8dvz8eduh4l90y0m6dg2pure4cng3xtndm,2
rdx1qsp7za64mwjsq0yupat6r9e0mqt8ympudnkmwfq6w8x85dvj4ktwvkq3jsaen,2
rdx1qspkx0ucs23gne0lslc0ag4nls8w340m2tj8pvk3yf7v8u2r63ssz4q4fn9sm,2
rdx1qspek59sjuy476d7aysawe4gmyye95dpkazkr8z6gs9xkhpafy688hg5pccl7,2
rdx1qspngu50f6xmexdwvkhjz8n2a9esvhg3a6suf0400ppcq2rhgnelmfgenrufm,2
rdx1qspyw4j4qyu4hl4skprkgk48jvk5yjud69g96kzw500dht9d4mhv6csdvh537,2
rdx1qsp6ymlu88yzy2zw3p0rzhuafyny0nm0nclnwf4d5d6mpjckcuelxlcesd39v,2
rdx1qspej5gcl9vw49xwrthtya38u8ndgghzpj4465w756x6red629zcafsyjmy4y,2
rdx1qspy40jmqk4sz5m5txvt3wtvn99ectyuzwth8ych8g2sylqe09sgm3sk2hpzq,2
rdx1qspm34dtr3k2eqg3wts2lugthsvg454yz2m4alxras08ufzymgp6h7gaejz48,2
rdx1qspxuvgezfpjflndrcxr32zmpxzwrgey2ytf4hg39mrr638slzpg86gu6alxc,2
rdx1qsps8kxepy7qazdssvgjdm7nasjdnj582d36uhjwc8t8x94e8l9jjsqlrs2q8,2
rdx1qspq0tzcqedth6gyrdk7fvefl05dul783f6fs2j4s38kjux58vvp5lclaqwzn,2
rdx1qsplq5q6fdrsmkckyqhsr4zhgaadgcyxczyrgj62xaa2g822dy62uycwfl6kw,2
rdx1qspspx895xxpsugjjqmz8ea8c2ug4aldcugpy2ejjkm33ngvd6smm3gjhyphl,2
rdx1qspys5ucj3w2ng00dv3hkjqr0m03crn9z57g2793yxly4s8kaexphuspklamj,2
rdx1qspw8vunxlt32vex2t89xjfc5vlkzwf3w93ym2ht7ppme7efx6vda7g9acamt,2
rdx1qspe5jcy9x4ygxrqk5e058muw2a2jvxgv6xx5aqmtgn9rs53tg6v0pqll4aj9,2
rdx1qsprad7k3t7ape5hsr56pt85j9zannlvn22c6059m95c5zdz3r6e8pcm7svlk,2
rdx1qspgka7w294jncmv85yqn5c34rw6va3k2tds6h0t8zj6jauknmnepqgthpep6,2
rdx1qsptzy05xhlsnukp3lpyd74ewkrsxk40c6ydsyqwaw06ehwwumtydusms9n2g,2
rdx1qspalcmad86stuspwlfzn2jspefm008s8j6achv7870ntr2y559y68guamnwt,2
rdx1qspewkrccats9s7k378cmtac29xwhwrrjdgr9u54uvddcre4d4g9cxslkr4wq,2
rdx1qsp69tkx2vtyrsljgk0g6fvx79rnu490973a4m7mdfy0qply5qzk8tsefk8u4,2
rdx1qsp58cjxv82j3kpyavapf73zrvx2njcvqc3c6e34jt4nnnkqjm29xegnzs5sh,2
rdx1qspktq38ltuth3gshqw56vq75dfp99lfdzxfn5dsw0eg6w874qagm4q4z7y7g,2
rdx1qspfl9dlse7er37flykka5nfdgypdfgkus7vntyv35z0ysvtxhmmhaqkp2xur,2
rdx1qspv3pjuhx7xzf6fux64pkpnexpznnclsxn56w0gvzj2swqqtkxajgcpvsv7r,1
rdx1qspfxuvklxpskyxgtvxc65kn04jak7nyp5ea7ug03rsy344m7xannsqv8uk6q,1
rdx1qspezudq3swm7x93626fuyaxjp2t9xc3et59rkl8ptema9qwvzu298qdx0tvm,1
rdx1qsp2fmlmtl8rfjztpwulpp7r66ph0djd35vzd6rs4y5zykkg32ycn9czh8x02,1
rdx1qspajwrxma3gdhs6mr0dkmpxsuqaalmhl58me4a7qkx0pnuesc75dwcwe55y7,1
rdx1qsp4tmgjg2z55zcyexxq307640aqw0pxdws33eyy6hl5asg87806agcr0ahvm,1
rdx1qspq44g29dn5757lwjaxhqkl275eew6rxee9s2jkshv842k83nxeygcehsrch,1
rdx1qsprj7rjjxesn5wmy5czqykeeu9cd49cne07e99nv243utmvdh2azwsdzeulz,1
rdx1qsp8c85z4xjeyg0vzmw2w9fx80czhqym8q9etrhhdlk7t24jrgc8nmq9t97yn,1
rdx1qsp6ey3jek2gczw5nlj0z2w3dhj83t5h3htsd55320lnnfd7r6037hgpdmmft,1
rdx1qspqaqfkawuxxle9a7j7xs25qne3gjztees467cy89jdffehqzk0rwgy3980a,1
rdx1qspg05s083grtl35ya3gln0m853e5w3c8tvyyvj7qfwcrv7as0xy5ksm7we0n,1
rdx1qsppd5ylf4v3rz29p96ynurjznfgw2wlsr3qz5e3cnxtnk6yt405xjqepfg2t,1
rdx1qspqhr32t9043qvnlxfhp8qwul5yghvsd3csxgdvkfdtz5llvr4jzxgn3qry8,1
rdx1qspwm06vsgj0nd04tf3z5vlfa7twljq3s4rarlgz43f3se8fupzn8ngejjqkg,1
rdx1qspqmd2hafhrl5fw2mhwsvpzafsea8lu5a0k7klswy3w4r6vnhpjthc6f3uds,1
rdx1qsprl50r77hg759ccamph85n7fxfvdjwmvmywy867cgr4nermmtcw7q32velj,1
rdx1qsp79krtulpagt0037te9ae0qq3lwrc9j0cwxl34kpp743nre0taqdcdzrxyk,1
rdx1qsps4jknu3gwfaj49alwt648ees68hzpqtlct8vlwp7pqp3plk02p6cdvcsy4,1
rdx1qspj49zjygwp3zeqtywutz5jyv5pyfpztm5mqt5w9sj7qjtkfgzzfngswj5j5,1
rdx1qspgcq8w98est9e5ngs90pn26r69838ylkwx8cw8h3evccwat8gfj2gg8sedy,1
rdx1qsp2uvceewwljx50umwde4h8fl28ym7wxewj009ax7agj56h8mc7mhsa4wkwh,1
rdx1qspp5qm5vwey893t27v4c03348wwt84mn8p8t6807y56e4mkyzdnr4qhvh6my,1
rdx1qsp43dz32yt6jmpvv908nzld5mxkmme2944mru64a3jne0xsxemftag7u2qym,1
rdx1qspu6dtwmmw3xh3w4xrxegtwu64yydt6y9c2rcskgz857xf0am0xlqqgtu6n8,1
rdx1qspvsx62upf7r7tu6jvfcen5mpksu0qh9gzlp5ah7p2p8543s0sl50swjg7fk,1
rdx1qsp480dgnv8zhfq58r00vyycwtp3f43wxx270u87nnn0ep6r97sp8lse0fcfa,1
rdx1qsphcv8gfzwuna8klqzllpd8zs2fsfqnxt88jqm0h7sn36qs3m9484sgg3p6f,1
rdx1qspvyjj0qyvvm377sh6vwfe6x6xkghemzf2699mtq6cftr2gjspry5gtxfzz6,1
rdx1qspf24xxdcnp75a9tccl0u9a4695g8p55ms85ayf4hyg0lwe6uqzvysruead2,1
rdx1qspjkc7khdtg2wc0gn8h0hn2l4ss9qf74k82xgs8gwzjh08qdrsgsngm08f24,1
rdx1qspeum7qzpmmxpctfjgvfjt8c4w52q8w4lvaafxwzv5n3rfcd8et04sg7nlnp,1
rdx1qsp3hx6096jn7g3y5mvs86m75yw32qq2ppcat2tvaeurppet2g9ufeqswzj0e,1
rdx1qsp4h7kakmkk0tjns3xu2x4pu4mgaam25uw4n4r88hfe6mmnpsm4rscexvwu5,1
rdx1qspvpfyy0jwa7a05ujekhhlk8y539s30fvmx9rp2ggm2ge2qmpkumece3mlr3,1
rdx1qsp87aqpnnjedgtez8ehtr7kln8cu5jrdfvrvjsr9ehz7puz0adahmg526zgt,1
rdx1qsplrwpdnauvlvstmzvpgftpxrl076h09ydkg7w9mgq2w48krw9yaeshnnfgv,1
rdx1qspl0hea7m7paawxw98zpgznhz7g8qr9e6259wxk3apfvaqp65qnx6g6s7mxd,1
rdx1qspe5689xrg9prnk57sa6296nq3k7sr9vvtfdwyqhzulc3snx9l45fg5v7mna,1
rdx1qsp4lqlpuld92tdutpkpz7fp0ln8hldsvshrk5s8vxemu3wsaw3hy5c2a0kkr,1
rdx1qspljj578xmm9ma2q6xhg585kve4wjeuxc3tmh9ql7vdv82p5d7cygq3e7wfj,1
rdx1qsp3yx27y6t0ya4ajfeyp9g0c8addcevxx6fq46d2k07al90jhu52qs499wra,1
rdx1qspm48x2pthsqyr53ganzzpdyhy38gpnqzadflvc3d5cq9gud8g7r4qejkzds,1
rdx1qspl20w8gnd643z2n42huehmt76mf6vvztdar08q0pvvzdauvcyng0s9epnjs,1
rdx1qspjswryzcpxacvz5hj4s68ars7uav32r64t6a6qegjzpdt57stqu6czjm59l,1
rdx1qspswep88qc9rckecjcsygvlhrwhpzz93k945r790376x90fe3ly6cgtjqnf6,1
rdx1qspuc5866fhzlmqzl2gfxtdewwp692fuhk5gy95xxx83ege738tjrhsvqwyrc,1
rdx1qspzpjezlq0362gefn8fdsgjaksf5pad508k8wvypqzyhtj928dspwcz5g42l,1
rdx1qspepevu9hcgshzt6wjarrgrhqp3w4sm8n0u2qkdmkyjs7hhqj6ejqsa0ysu3,1
rdx1qsp0dmn8xc07jdhlxckkf7m3khx6lca4vn75v6lazxk9ecjn80k8qlqyussff,1
rdx1qsp0rh5ztjdy6gtx50dxywdx78yy7yyf8lya7d8gn7lgx9y6j5e367qv3lcec,1
rdx1qsp8tseevmhawr76m2fjafhtp5qtzh9ms2enyqk3jg9egucp2qkpj3sf8r9xg,1
rdx1qsp4qzcwdhurmfsh384yecc9tfqk9xmm42qsjd7zvysknqxty8k608cjz3yqh,1
rdx1qspp3kqfwhp73ptjkmrrwvg0xn9k72lvar87407tp27akr5v48lznjqw4gp60,1
rdx1qspuuxmj79elnpd9kv9h6vyldf048p7p47svv8jh62uz6f24yzdl2fqjy75m3,1
rdx1qspu9xc4cxfc92uz3e4w7j927t2vqw56vhnv5x43j2cnnec6jlkq0vq2rmhgu,1
rdx1qspgyhlzlne0anst27s9x49558npjkztf48k29srxh4nsj2xyny49qcuj9wem,1
rdx1qsp7kyj0d47hun38x7xvumsva7g4tefwgnah5503pgxzl85mg08q3tsgpsw7e,1
rdx1qsp3xvjd0pgv5ey5laa4t4vcdgtkevg6u4mky2f0r760drrhfx5fu2q9nmyzg,1
rdx1qspsat57gzjjqldw5hv80u9ju5pykk7cf43cvhyj2axj7udgwkeg3ksgt8hn7,1
rdx1qsp3kqguakypszj8442zuvyn3lgqpnyfarr27j75vk93kfz5nxfjgngnxtua0,1
rdx1qspes4uagvjjugtle8ejc8htfky8tcgytaskjl5ppkkmv98xe2mmshs0wn8zt,1
rdx1qspl5x07vqsa5m4m6kwht33rk5cp7sgqg5l3kkejr4tecpacj0pmq0s80wuvz,1
rdx1qspzg28t2yrnmnjuu5vk3mmcjz4fh48a7fg8aq5ycgneaqgy7duk7hcamyaj9,1
rdx1qspmqwx9p79zjdu89t0zjpejc2knkw4qk6krvztlj7556pwccs8ue0qnmmxwt,1
rdx1qsps6n2th2cv5wyvcfs5wl0n0tf0cnn3sme47xmnn6v5rxjxghf6v2gsxaxjc,1
rdx1qspmszr9g449x3f5t7757j7zzk5qcx3p8tpq69sj25pg8reh9vphvpc2j2a08,1
rdx1qspkclvervud670vf49g3q8mz7t743vkgta5vkcqy540zv2zl8v0y5g33e3x3,1
rdx1qsphvky848puxlq6d40nt0998a3pchg88vcyswdqae22femegdv2ekc00gffq,1
rdx1qsp2tk3rmla98slwtn5avpkj7rfw6tkalfh0jwpu5c89ppuyfwgwawqzgyesk,1
rdx1qspaljhxulsj3dfmltgnlgnuw975kzajl0wker25gejyradql6ej5echvk7v8,1
rdx1qspwlyx7hkyxh3exx20cx3jfkyph0ermtrmely4lp7vmsn6a7vfhw4q0a2gw7,1
rdx1qspm8t28n0qrcckhdgccv6yyflu8jwz6qpcnq8a3kunkdjcdgdkuqesmctpee,1
rdx1qspf4lxee8l4a5pghgfnua2frgw2268uxpn392xl8s6r0hlyxk7k8cswgz4uu,1
rdx1qsp0fce24p2avhlwvkxgzv74tggq4hgccyqwx6n5afl7mw30mrpmhgckqnt7q,1
rdx1qsps94sku9203kp2k9ayu9f04p0fk98ycl0vke9lpucs254rgde8dyqf0yue3,1
rdx1qspy9ck6tdv0kvwc4z43t7tytuux606sjfklns3msjdp4xnxtxe6vrcddssdp,1
rdx1qsphczka23sunz2x0tz6j26ykyrh7ssh5faenrdcsjyc9nfgs5rgkpsv7kx2a,1
rdx1qspphmww296j2l0cz7clq5g6fle5r42ktjzn2r0v8fmnsyaq3fv5dzc5erstc,1
rdx1qspn0gx7gt9p26tmv4mk4ngs467mr6jxzqdugj0dt0utyrannp7gqgqluul6l,1
rdx1qsp6w4wz7rr5m95xmd4n7fxw664sq5rx89vqvgxjzymx9eqyxhhtfjgup4mjw,1
rdx1qsplnjvq705ke09pemep336f4lgd7mdej9ze4lqqpv49mpfaaagyajqgt84zr,1
rdx1qspq3xcdd4j3nsawe89apjsdcd5fepkkddwdu0mxvl23j9jynx0vk0s7wmfgk,1
rdx1qspp0wsw25yt0akaws4jdc904d6c5pwk8nuzlglaxt3kuucndrexh9splnw5z,1
rdx1qspnyf609mhj6v6sdhavmzkhfjnfaj7n2q92qj09uq8wg6c675dfz3g80akfd,1
rdx1qspd22dvthrm8ukm7sxjt2ac9fym5x7ajgz5r4zt7v2emauz2ev9kyg57mzqn,1
rdx1qspmtedplsu5shwwc8wmf2cgghvkj6nj3zgzqwp3rhcqcslz22xgt3qyj0acv,1
rdx1qspjapnlp6ad3uu9atpp2l0f5zl2u40tsc3sy44ufqnmv49lwy5w5lqt9my4m,1
rdx1qsp6xmy6dwk8ajqde80kkakjpyew95ayv5xw3hrdtlglz04qwkcm79gr32qtl,1
rdx1qspxxncespmaff7em8df2yrsm95x4mqumfcwsj6yxn2n6ttxljxzjrq2gfmum,1
rdx1qspuhjup04zmnnwyw06ax8d30rvsf3gzqd8jckf7zt0t2fqtgwu9twqmt7uq4,1
rdx1qsp7jhhp4hj42xqn8alttm4d749n6ufccmf972c0cxmrakjm45q54xcegv3jv,1
rdx1qsp46dgczuznyxj3059dc2vmwffmyamhsydmuvzk3l4ktu8t2xhwfqcwreah7,1
rdx1qspwvtwz2vj4kc7jax0705cpehj2mklg6xflsp58vmlrlsqruu34fqs3w79fv,1
rdx1qspr6z04ykw4fcc6krgk5mkjc5p749eve5z8wcyahzxa80sny3u7mpgcq90wh,1
rdx1qspg7nx8lceysq0sf84ljuylq46yavr6t2zpkyl5mqpg5l4sn53ezdqpl0u6c,1
rdx1qspf049sul7cuppm4jpq6wlr2g38f0qpm0v4cz0a0yyre5tjl74ekyccwelfz,1
rdx1qspz5e92uvlzk33gff99swlee0h0yk5jqrzn878zu6esvvwrz3fn6lskqt3jg,1
rdx1qsptd6rxwjxzlax666hyzzuwnwe4hcd9503y6q8wwmdukg525uwsw7sark43a,1
rdx1qspkhq33mx7fkens99jgqfn5sjp4czew88lvsj9mekaawua2rhscrsguhzjgn,1
rdx1qsppt2crwng0sg9aalnq2nsl6pveumc75nldc406lj3v2vc2ehgqx0qpcemwh,1
rdx1qspmvcv7q75pul0xkd73za2qrdwuhfjeeytrnz70d7mddg8h8l8ucwqm83rsk,1
rdx1qsppya0hpqzc7sapjlzyj57x4adf272svlrkzyprelmm2hfrse0tg2g6m8dcx,1
rdx1qspnm6gt0a4aa8mngf6d0lfg6du7g54xp60vwxg68dtklqg0ednpggc6h6zsk,1
rdx1qspxwt5t8ftuc5mz5yxsa23lmr6zdn2p8nk9l9jxnhu68pvpzk37uds846mkw,1
rdx1qsp4zstrk49qalw6l9s76cx2fap7fzpglxdud5ytclfkfjteadc4t8g9wkmp5,1
rdx1qsp7t8wvw4l3ew7g2s6gr2vp5len0tkpu3tx59fzhyruh5mkard3rqsqwmujp,1
rdx1qsptd52lns4xk9d5x4ttsxzuda9d9325chwnjjxkaese66xls4qj7mc3vd4m2,1
rdx1qsp3me30jgumsv7see98rfx8aua3vq0js8mdnscy339w89pd6tygk9s82e9xl,1
rdx1qspx6t5g08ehy3shxyr3k3lp3y8v2qasfcml5czzwdkx5nsplu0p2dsjd94qk,1
rdx1qspkq0nga4za5xgehnv4znu2hpdc0ramkacjlqpsqerxy5hjvlv50jczuuj5t,1
rdx1qspelj7ftf66k440prh5jlfa3dl3eswtvvmzf54hq8tty9ej9dhxzmceaadah,1
rdx1qsphl2cgcv5tydm6mqjtlte523kfu95xlljy6s2r43xkza48pjan2agrl9wcv,1
rdx1qspzqpnxfh8lzayje3zrf27edm3mnea0p52jtdz66kp7ecd5mv2ypqq37292p,1
rdx1qsp9h23tvzas24q5nzmjzpdfcrwxam5mx32wje6wlps4waycamgnf4cfca7wa,1
rdx1qsp6w0y3259twczheq0g4a76ksf8lyt27e7ep9kfv7h3s63s52fpddck0pphm,1
rdx1qsplm82y8jdqsv0tzyqkys7v8pse250u6ksrthgyy8jmgshy5uyyckqqrmu0w,1
rdx1qspkkxvkskg956hzeth3lz85vcwy5cr79gyuzpzcws30uv2e77ztyfsqmzljj,1
rdx1qspt4ux2v2hu7qkc3rk4qe28flds4yjdfc3q2zwuwv2chlsy2ytgunspas0s7,1
rdx1qspx2vq2nymllrdwj2p4xjn7npsd3pn4m4m04xejp8z92wy87fardwg00djf4,1
rdx1qsp2srnxh4sv0h250n6wg2xaqcm3jy65hzy9pqknvfgt3s0xgn5kj4gg4xyc8,1
rdx1qsp2ln52nk3mpvfra077ruhcrsh4e6p2r0ax2wgqlcdldrgppg363lgt07qd5,1
rdx1qsppm439x4zjmk592wdllcxwwx0xv6u36gguhw09wg0ssy7fehgs6xcsexq5c,1
rdx1qsp9pemm96zygccef437tv9hjkjwyk20ruzqut6ceeyapusqkthklrgv4sdzm,1
rdx1qsprmp8uewlvfngh7cppf2vlug8nrwhre0u8qn26ct88ygdmnwjv23gcxv5s6,1
rdx1qspsc5wf9nldtumap3ggycnqltgjelslndll5vf32qpm499k53v0uaqeuevn0,1
rdx1qsp87qn2pg37r8jsl3psswxlch5nrcl489vrfky9swkmtfxx2rylras30hmyf,1
rdx1qspj7qljvhc4ehc03edg5w9schhh62uqhgrgve8wnlq058cva803j7s3rgch9,1
rdx1qsp2rkgf6ccnq9yyyreu0erzmnuxgr3p42r07lftg0k4cdhgl0j4nhsdu8te6,1
rdx1qspccv6gxdzrvw6wccqrpntfuudues4un4gwkutxqwz7qppfu6recwc3m5grd,1
rdx1qsp2wpq6mfmtsn9c2afa69djz72crmkmnpl8h33t0z7a6dw75a7srkshm7qkf,1
rdx1qspt67tvu3w9xpqs7se6chxygppah8kn2ru7k3khvlzfaa7m8pcj69g2g4sxp,1
rdx1qspjmv4e8hykapgrkg96ntzqmgkjnfp68sjpq386pmdxlfpjql6v7lc08l9hp,1
rdx1qspc9nlcg69ly7mvkx0attvfsnueddzej6uqvuyymvqew0n5ped3n0cevl0u3,1
rdx1qspaqcpgnk2gfg3v45ja2gejd7rngxxqchxv33dfk43q3e772krpywcg4g759,1
rdx1qspawy9vruj4y2jcp9wn44jjhlk4p6nrgp9xmzl59ujngptpr0gaphsr4jpyr,1
rdx1qspfqah04uuyklaw6rz4x6q9vgtlkuwg2epd70s2r46kvdtct9r8hasml53a9,1
rdx1qsprm607u4trqn75wh24vtumcpjhfdpwqqnpspehr68d6n6yqgcls6q6pp7y3,1
rdx1qsp02dp8vda3je9e8ds733mp325ephhqm9qjfvrcdamucss8kfgl2yst9p4vh,1
rdx1qspswzn926zf8pnwulshjr5h8k6xe83ve2k2k86eu2gfcn0zp2yae9cha4q20,1
rdx1qsp50cspug6zme2glw9j3zjk33qpjus50nt768tw2twygmm2d8aq22cep2fyr,1
rdx1qsppvscdvdjzn468zyhefx4929nvx5zc65n7z3hq3jca5jp42d5cvmg3547g9,1
rdx1qsp599ssxuny30t78fkvnqxe00ngp39rm7e062gsytec7w8cex9h76g8xs7yp,1
rdx1qspmwzse3kh5tnlzqm565j37pqtl5f2dg8u9pkykkm40yugc8krkgnsv54l7s,1
rdx1qspeh3jqpwsxp9frcv2ter92l0url4u9xurw8zz3hng0ntyd25pr5lsunsn9r,1
rdx1qspg2pdrvqndp5xqjeeugk6e7l2f9ucp9su536p8t9esyf2kayt3u0snulntm,1
rdx1qspsfgtq33tkvj7w2nlc9lsjmawlhyu0f6dwzpgszx3mfrjmm47geeq62dkn4,1
rdx1qsp42hu053vtlus4vgkzxflpprulw8725gzacgt432ymlkjhx9u7x8qr2aujy,1
rdx1qsp62qutfjtejauc007ujd552ldtyujydry900v5jyycq23udzylmdqq3k3hl,1
rdx1qspzrcu4tw0r04pww4jxr0cglrwdlm6zs5rhhz8cj5zz7h4qn9szpzqyqzsyw,1
rdx1qspsnqgwp8vg7hskwrw6l2gx4en09t3rnh850dzlxck7aw4735c35lqcks87j,1
rdx1qspt0jldxnrtcfmxwwwqqgvm4dk2tklem2y5htga8mdc2k9c7w3w2dsstxkrt,1
rdx1qsprnzmhdz95rrjafskhje4f6tlpvsh2sn69dr0de8l5jnpr07uyp0gatcvvf,1
rdx1qspzm63dqjrejk5z7leat4m2smjrep2s8agy7qssph6jfg7nzmax2kgz0gzh4,1
rdx1qspk0wkvcmtllgnp20m647zdx7v66jtd0xd60sggvkm6e5lwnevx2vqpfee2s,1
rdx1qsph9ker7q7sr4w4492yypx0m5l6ngkp86m43wx87m2rrgjhd3efwac7huyuc,1
rdx1qsp7plt8ms5uj0qrwaersrdpjw4ql42s008xv789qps60k39vcpmqpqcq5uha,1
rdx1qspec25dmjvy6sul2tewdkj2t6rgxr0ygjmq2g9g34mrfz27g4fav7cnv7657,1
rdx1qspg5f0txl37hzq82qhwvjljft94ev9vpeugh5ya2g3cad7javpw2yczez3vn,1
rdx1qspzva8c0r3sxqsmq9xpsu6lqssh5r0qjvfjrn686n4gt7q7d0s2tzclsfek0,1
rdx1qspmx9e2wf8mwdq444wr6h8rxvvt7t0wawjn4t73c0ks2nw9ncpespc3l0jyd,1
rdx1qsp6asdgaw7twyyg6w96pfjt0j2n7rysqd9pxy9f0hsspchlg77tytg8vuppn,1
rdx1qspuu3x50m9uv2xhyjvv6rkk4l4667dfhyvvcnyshxgrj0c288633mcgm7snx,1
rdx1qsp7gna8v3a904akfhw7tuf2g63mrh8fhteac4vwu48zlpwrn4pllecvxur87,1
rdx1qsp9280wd6vz6vtgrvlphletwkewnug7sl6qgerh8xk342er6hqq22g4qhmm4,1
rdx1qspakn5303ad5a4nsvhe3qx9hrghwtapapr90gmvgc6x46tzvnl5xgqt7q7lc,1
rdx1qspn0g86gslg23mlsjt2enltt2wdd4up6mlrfat2wj63aqh4zd652xsl2sx5c,1
rdx1qspn0uchu33w550zur3pampmalc2nnfqfvgzjcn7uwj5y2xa9vdhx4cqfgruu,1
rdx1qsprq2dhmf25pgnwm9vtsqx0v9xvzznlgq8sulaf53qync837cg8lsgmymh6h,1
rdx1qspgd76h8esnkjzcswtes9hsfyn4smn63q9tqx38lf565ez6z2adh6sprt7lr,1
rdx1qspg8v8fuhr9mmy2x26zp400wxutr9fvazjhlp6vca5smjmwuk59sts4fuftg,1
rdx1qsp0r72q5wv6pnfltta09zazkqgdng80mc8u0c2zahpelnt2xtqzsxgm6exw5,1
rdx1qspk905k49e9nuzfz8pmf907cxfrfrgjt9w8hzza8va36qyl8luwa7cpq0hxn,1
rdx1qsp8pd045yhz7w0cnwcc4fkk76prmx85thg0sz46lklntvcjrjrzyzg4cafhr,1
rdx1qspjfmttwf0h82e7uz83ythh2hkjtqy2vgr7mc5ery0gpdgzwvs7qgsp8adhk,1
rdx1qspnxgjxstuz3w88v7mjeyqjh8myqw6fex53cwwjzlcppn9m6tjq2cs7uedxz,1
rdx1qspal9h4c4rem8a5xcpxjrj42spct0pk9hk9x70kzrvcnylgstuxzgcfzxjrg,1
rdx1qspp6g2jgsv58rshk66qk67au2gn0lcwp80z033457c530euenzac4c3u39hw,1
rdx1qsp5y4d07lljtq3s7r4xnv8ve0gd8wu8fr3qk0d9w8fy3jd4uu53w7gmqa5gk,1
rdx1qsp3dmllgjg7eu4h2n85yl2hypr54g5cn9vkmuxxf7n8gjvdsrham4qw6qz2u,1
rdx1qsp83stanruj2vu94m822cgrxq0cggs8g3sdmu5w9n4rr9hnryhl04q0mhdqj,1
rdx1qsplmm8tn3xmqqyzya2afvmpzzjqenpn53jwt3xwn5ug94zj0mkyadsyhq9ey,1
rdx1qspfdmugsfv5jf0nfm5vvgqkt2tdaz7u7gr52zphgtp0z7f8rfvn7cc64222g,1
rdx1qspgvuvqwtd3d3lvu7qa62m9dwk2572j5x2fxr3kxr3n4usmcqtux7g6sccpr,1
rdx1qspu8qc5p8cz59l06dywntndc62kcdld7gv0g36uc66j0r2n5x9aleghdyl6k,1
rdx1qsp6nhvejuc8fuxja5e67juyqgm9s3vjgllul643p3fnf62uhxrejecrwkcmt,1
rdx1qspe8mhy7kv9qhsr2ufefqqu7rdmde8mkl0aqxmupht7a5f8tqcaf2svmgq7a,1
rdx1qspp9j5e4p6uvt645833hnea83syy6pkpe6zzl07ch06tt3qsygtfwggetqyy,1
rdx1qsp36mffce7u6tvmhtr4ealtev4vgtld9rasycqx6qgcc0x4g3f0qegj2kzgg,1
rdx1qsp8wnflns058h4dgq7jwq78jykpe7wyze6urfvsjxdjc47prs2hq8qnhz39t,1
rdx1qsp9v2jfdcadxz5pzn8rg8k69n35w2wpul4hjkkxnnczvuk62um547c96px54,1
rdx1qspla8e9laldy5mcx92mjhj80dt8fdhfvygz6vpjmdj5arss8g725nsutmp2a,1
rdx1qsp83t8z0eus675mdmnsu2l48rzx4jwtnss7xg899fd7x4sz3zf7gsckcgx7m,1
rdx1qsp8pjne7yu4sme908cgwh0zlphkj6cr0amegt2rdejxp4qsahr6nrg5md6nh,1
rdx1qsphga47wp0tn44uslzryu2pezesnhpttxp5v4j34fg6rjuy4whl2qsag22d9,1
rdx1qsprkwwup0vt3z0k45jlrntfcxu0a3g3aaplydpguehm5l9tjmdkfggyert9l,1
rdx1qspehpt24ana8pjqnh03y36qk5vx0slvke8a04ynt9vfz4lht0m5axgz4rp8m,1
rdx1qsps97zy0luaeh4ga6ln6hpcrl7rmlyz0q05f8ztcc24zz393sllphqp8dda0,1
rdx1qsprff73d8mem7suyedulsg29v0mcvqaahd6nv32nluazk2cvyep5qsfts28y,1
rdx1qsp0ryzu8astt7av27f9adugmvpf79wkktm8gd54udmec0hvcyuxldq5ptc9p,1
rdx1qspgzv7fxf6pucxvdc6dj6k2e3pr025mh0cvak4k6sxwzxx4ywqmguc3l490e,1
rdx1qsp5qttfeh0jw7x2jnn28mwrh3s02cwhvjayh4l82vtufc07h7mf5yckjzmfn,1
rdx1qsp9xywmp244n4h7d9mj6kdluz4f3v6k5yspyn79ncmzkkgjdq6k6zggz4p6z,1
rdx1qspp0w59xsw4edluuahlyh44er2pvl2ka4wmaqltsy4quv7t49gf8gcp7rrt2,1
rdx1qspcrld64a8te84mm8w9kfq4pg47vltawpy9g8hg4ry5d2aw4ey5m4snf9gjl,1
rdx1qspt0pnqq6lvm4cvene0tfyp5clv7lrjr3qlrzq58du8xl6c350qflqfn0del,1
rdx1qspdkjqp5kvjlcnkh4k0e7546y267g8fy2rjcdy0ww43gpa5me7rk2cr259fh,1
rdx1qspf0uxd82ugchgrt4eqv28e4z8csuuchyl7h7yjh7cun4de2hcxqhg9vgws5,1
rdx1qspfjmx53376n5e0wuvq548udqv4dna3987yavfrlfe9py2nqzhdktgmppk5z,1
rdx1qspzvvt6ce5rkgvt6ptfa2t9z9g8wlnl6wur38sguudamx73trtjm8crz6xqg,1
rdx1qsp5vvdk7hl44fjukazrramm0swh7v6gv33yt5yupagpq4mh8ewj6dgn9z52t,1
rdx1qspxstrssdafkgnn8d2gcey5je9reyv9d7c4zgjle7sdu5u27rhpeqc96jjhn,1
rdx1qspr5zqa620u20lw23qp97ywza6wkkax92cr5q4w7uzsxc4rvmx845spv2q67,1
rdx1qsp20kyktkvsqcgsqsxxn9y3ddduy5zdgnu37dd0uqe7w7x4pq620fc32ftwj,1
rdx1qspurprqq0s45n90690yzg4l9a34wcq7cn0nkfwqxhjrgn30zd7xjvcn3e7pk,1
rdx1qspfglvt5x2nhlynyfsyr8cemcqt6lfen72927ag2rq3tndgt32p69qjjxsf0,1
rdx1qspqt3ly4zx6gcc3k7u3fuusrqwez5ch2xe2d3lmkespw0yc6aupqjggljkex,1
rdx1qsprnkg8j0ze0dxj4vlk22z2h25f3xlmd5tjvsqmlyklspkwh48872g6szsxd,1
rdx1qsphxjccys0g3cwkt4ck72nveu7kghzq7sr9aej9fvr0arhac66g0qsmsr7tz,1
rdx1qspp6zsc9q63k369tpugac2u73tzxk2zk4jd6wukl0xzn6tzrxutudsvwcx60,1
rdx1qspdu03j9fpf9tnhnt8qemzugw4fdpwyrezmafzhs0vx6zd2kdz9t7gwl9eza,1
rdx1qspjk9x0c3vdjjgqzf3lezzdcnmy7zzh68t6h6pjnvcrwwcmd6yw00cvlyzyl,1
rdx1qsp3ku5wfncew5lstx77ncdqk75z56wlf72ae97xelah3c9vgmpcvlctlqalm,1
rdx1qsp89atkq0q66npjp8rf75gn8c66jelkmyhfat97u0wc9yn7uh28y6gnc8awm,1
rdx1qsp67x7vv46kypts9gvhgrt2aqr342skuvjx5lv8laega45tdzkgugg695a3e,1
rdx1qspcheunw3vcyzctn0axdza9n42c3wkwslk6h5txpjdqxpcjdnajx8s9qxfan,1
rdx1qsp09x5azjcq43d9gpfstss2ykufwpqh0rhwar7ruwpn7dekj03z33c0zwxh6,1
rdx1qsp00deaxs36v8ur2umz94eg8v2ur460l8t0yxdxh8k9xjy647qvuagrqge5y,1
rdx1qsp3856j3854dcsvrtqh5gm0t258z0pv9ahs4x9nm6pumf4p3m8lxwsw2xey9,1
rdx1qsp5q0z5f4ee9aj3hg7znvfnngmuzfers9egfm5vkas57udgyehxe8schdze4,1
rdx1qsp5san9k86s79e8mt9kgcuqhpwkpc3w9aqwuh7ss4z903k9rxf4zyg4unrq5,1
rdx1qspvv4d8yhyu9rzkju4jmkve7py32eyfejfg8dm34agpc98j329yvpcm0glpw,1
rdx1qspwy8ylazhuwa6tc97qc773g0tkmpm43gjh8zjfw5ys0f0a4w0euaqj8l9q3,1
rdx1qsp7xc44djslj4d79m8zj75pv6unhwf4ep0jmwfhm7svtk7yzyes6lsmvnkkj,1
rdx1qsp9sc3e5nqqkk8ham3y4gftn0era6jmqvvlpyvqk0k8s7tvqeazrwgvcpndd,1
rdx1qsp9yzlpkvzs2dzkd56zpftr3jkp4mxz8d8r6nnqy26202mhnu7zpmgephkav,1
rdx1qspptu44354cf9d7dmnfstfj85n9rvpmu94722r0fx2rn5suh8cw73sfyexnu,1
rdx1qspqln96f09d39f9wsn8vl828chm7rftejtcrjag0ruwgxvfa3uslnqtuwsct,1
rdx1qsppp2gjjnnzujpenktkd8kft29y4v8c34d5hpz9nn7539e8amam0hcn3pljd,1
rdx1qsp887ll5jymzv2h9cssuvmacq2dyrq82qc0wx8n0c8l2lqea7mnmgqzfq5pu,1
rdx1qsp7v8n03au9dx367elr7zg0jnuyj9x3566jhtdfk2z6wh8zxf8dysgghmqvj,1
rdx1qsphx82jdj78d8hdkw33qw4e3hemvrhgrt54288sevw8xj0tux4vpvsj90r36,1
rdx1qsp9hndftvam4hnmp4d8yygkx20fnun7aur5d43j54y562qz6rvfvncngw77f,1
rdx1qsp6n55l5rtm0z5luf5dnrg35dyn9zg42uzytt8k24kmecnrjk35srsw3dxx9,1
rdx1qspajns2pse09hkjz2dj7ks9ffn3jhcdyfqcftdc0zcc3m92h3tgxvq65qa2u,1
rdx1qsp9rur97c7jtj8nar6xatpv20ea6vyy258l4r4ym8f6tlhfqm6czyqvst4vc,1
rdx1qspd4hrmva3sdzey8ydvslej7emn9yxwhawd48lu8645skpmhzpv8ngcztyzy,1
rdx1qsprwcs9hevdatm3kwsggvq2vvl8cuuuhjyx3e29zhxgz2jmy63mrgs3mrxht,1
rdx1qspjx943hk86847j9ava2dazkssze4h8z6f097ywryjd9syw6n5k2tc9nsf4n,1
rdx1qsps0whtq42jy6rj3e2y3tf5c2cf66d6f4xyv6ekmm99nsc5cu0zwfcultt55,1
rdx1qsplsgl30s04snzhufv568gm2h3j9jtmx4knd8a9zqmfwye6juss5hcren0hv,1
rdx1qsp5fshu4k9nmv8n34jllsdldyqu9kjd6nr3vta6p34y6nt86dzxalct9rtzq,1
rdx1qsptl58qk042dw5y4dma68mpu9fadxd3wgzrswkzmjw98ep2xydh4xcernfht,1
rdx1qsp22cwcxc4jxgr3xmh4794q2fjrqce3dp7gg24p3avwrc7vxakf8zcd304yd,1
rdx1qspc0j5rt3dsl0wz58zezwjpcttrtw2x9tymj8krx2rdp74hjqp6nfqezct84,1
rdx1qsp7u0uzvf68zn4u405vzqc5lgnd9rwcrhr924x80jxsyxrjfketqwskmj79f,1
rdx1qspdx5tme45yrr6haykmxpdqm6f7yjk48052zw3gmnyj7vay9f7amzc2055pz,1
rdx1qspn497e2mxwd60vyw9s73fnwqxeqhu6pcs9l0wkf53n5velyqwxsfqhdqnvn,1
rdx1qsp70xshm54qrcc96d0uyl7040a8qfzxufy0gy4wl9aznxcfxcvqfpswl8472,1
rdx1qspt8wp8td7kkpjn9kxqkq8zr5rd9vsqvxq3cmcyla90vzvntk52hychjar46,1
rdx1qsphzr62uyfqhn88hyppn443zlkk77fulj80n5a9mg3cz4ktz4v64kczv4mxl,1
rdx1qsp68l5tdctqatv8t8epr3ly8ar8dy44r6weamswpqltqcv4h7c336gtpzu05,1
rdx1qsp2wepkd4f38a80d056fgwmgnkcuyqp7h957rte56yc39c0m93ncqseryqup,1
rdx1qspefqmjaf9jc72w5m0sw4hay6tah4wsfy79u69y45phn0ap4n5fzaqcfu022,1
rdx1qsp9lqhucqy37rwmwxh0g7j3jn48c75h0wscxhj85afdcy78hpqzlyq8shslt,1
rdx1qsp00z0s3v8cr672rzha4dssjpzj4t8sfyyzkdfqksz5hgexvg55p6c40j2n9,1
rdx1qspv3kstp93zausmdh4zyn0dausumn8dwnkdsjg5lafhpsr93xxlk7ceylgy7,1
rdx1qspqmv6p56a33v32fne0a7nhxc4hy2t7gn28392cre2dpfv63xnr2ngr4z002,1
rdx1qsplh4lfqs6sfc264crg54k4lvcm5udv8grffkk0sc250v6574avaec0r0m63,1
rdx1qspdgtc04lh9sww0kyxhwksqyhwzgq6t4hfafqzt6v8tz7q5w0qn5jq6exq5a,1
rdx1qsp8mr4myhd8e67r09yfutq08veecxspdexfd52l2lht36kkthvdf5gqs7kte,1
rdx1qsp5hjf3rgfly874mtskd02ulnppjhts98zug9tyrfwd5edyn5nhr8cz453qh,1
rdx1qspvt7y4qsp8297xmxeewe6uwl97lwgyt0tcklzrs3ym37w6g4rx4aqcfx0nl,1
rdx1qspcjg75xrcaz7k3eu7mceuzw469tn6gcuvuf4ut8928mw8whdzqs6ct6zz7j,1
rdx1qsp4txz97ux6jfl8ypuwe0xh5egyv5jefx22gyg5f0gs93yxx9kw8gchxprv8,1
rdx1qspqup0fhtzvdmtcmt4k89trdprfwn8a6n4xjl0a5s58xw7pums6lwc7p2jtq,1
rdx1qsp6atrtaply53w4tmgr236cfytc6a9gwm0shxtegt4q9p40wm5aw5s9fcl6v,1
rdx1qsp7rwzfzxt4dngzalvxayp0tedhhq987n4ktsgw224rey5pkkd34vcv9gyqe,1
rdx1qsp0t7ehl0m7cnn5m7aw2e8f97wgu04agmrh4ksggqx6euu68w6sn4gk8h9ux,1
rdx1qspnj2wpysdj077kw5tqdyerv7hp92hdl5h4sknzq5pemlshlc74jxg7uhyae,1
rdx1qsp9uhnhdt4p0f8dftjcxl6h2hjux9q9j6e93dmtdl5v3tzgnm7e57cwskf5q,1
rdx1qsp0mgg0nz4f735y4nrnpel0tk7t7x8r7slfffppv3ejnkqhx3zlsxgkmlr04,1
rdx1qspjqxrdecn7wpsfxf6dt6gd3cnzfzd4083vm0g0y3w3p5cq0xnvsasy7acna,1
rdx1qspk237us33alss6turcuarpc7vwllfzcdktm6v737d7d8j95ttkjxsp3da26,1
rdx1qspnqrp4esewgwuw2vlcq85szarv5j973pqp8wxm3h7geg6ftgzxz3c8t2hat,1
rdx1qspjlr0c94hrkt53yqa3rnj5ktn3egee3yhy88w6ck37ttxhzdc9xqshlvv8f,1
rdx1qsp35cwwkwys8afz03mmracvjcfs5swxjy53cqaw799cm2jxcmhgtvgnz20sm,1
rdx1qspz5ks5qgnr367lz5cqacmal4ff3r78luppgvhsnu62fddg2wsfrks5shy6d,1
rdx1qspllqfhqcxvj4tj6d9vljl0q2gs472zc7qgx56mm5nlth3l52mnkhq5yzfhw,1
rdx1qspxdp2pxl2renan5c73dcfmav0kzevlmksh304r3578vfm4xgsup4qx6vn59,1
rdx1qsp9wl78y4n4c8af48eml7m0hgkld56kfga8jqwp5fgl3z49n2k4wsspyp50n,1
rdx1qspvee5f5z46mg7ng9q2xaf95fhztgdh7wvzqsjmp0dx7sfd4qgp8rgz8sq8w,1
rdx1qspul4w7kh04rdz55q0l0gr8jp9ya4ygxsg8pxjxgx8tnwxne7hs22c7cu6yc,1
rdx1qsp7ehzuqlnwn4sc7uv8jtrz7gp9kcpzw3v2nqmtvzem8k49dvtk0qgj8t0z7,1
rdx1qsprd289p4lhhdmnqh67f4h04cf353z5pffk2e62nwwx3lwkr50j64g796269,1
rdx1qsptnl0g4zd4zctypf5m5ekcw9fh24zk80sfhv9dpef95e8t6cs9sqshl34xm,1
rdx1qspr8c46runf2dvx4yuzkartu5uqlu6vrm9pxwdyz05ur0dprmaj2lq8a2jm7,1
rdx1qspmpjnja4gzr2czpu2cw20s4z3heyn4h4rlle9c5rz2vhrf6r2fxxs5gpw8s,1
rdx1qsp4sfg3rd5cvx6lrspakg8t4e4daeu428arau0v23xrmkg5a0a279c4c65dy,1
rdx1qspc5r94vt9hq97qtwnfpqkqty40yk82fuhs5lypvd6y4d8e2gt6p2gj5kpvh,1
rdx1qsp0gshwu9h2uzwz23ls6gumjf06m4eed7td876q3k29sf5qp3gcrzg2gee9x,1
rdx1qspt5uqnfmaze88jeghtkwheljuefdhljm363ruj7g7r0wcmt6extmckx7f3k,1
rdx1qspghgxn2ds8dtuq80khzke20egenjr9gjk6mrafrxqzdvgh22rl80szyvj5s,1
rdx1qspe67qwnuynahjtuwua9n957z36c54l4v4utm4kqlxwn6ssppe9m2c4vtvqu,1
rdx1qsp7a866r23x4uw520t6vn7n0wlhl7vf5zdk2tzrk3nlm765ea4l85cw0xmjk,1
rdx1qsp2s6apc7jj6997r0xc7c90trdmvd7v0ahdpe2049ukmpx570hkl2cfhcyn4,1
rdx1qsprf4sgslczt24zhx2x2c6rvn2dpd9n4sxcnwdn4pehdlv46cttcaczhrlmk,1
rdx1qspc5nx8j8rlzvf2fh96vk9xlh6s80au45x0gs3xyua523p05kfha3qau0j0z,1
rdx1qspndh8g6rh6r9jjve87vq402kqwhmq6pty3ppj8fkr2eywjyfvjugcujh8kk,1
rdx1qsp0jryv9h35d25k5zkxhl0tzcrld24qg6dzfy5x7nehd753pntag5qh2uxnf,1
rdx1qsppk6c38rmc9ftk0u83cj4jq74ukz3tnvear8tm3k8dagsqd5eeemc7a8grl,1
rdx1qspsmhpffqweyutz5nxxgruj2qcy39nwa9lkqf6tvpkh70ef86rdupccgalf7,1
rdx1qspe729ak5davrllvpdlyr7ynhanzxlxa72y6u2aqkuqcfjxcss6s6qf4y9as,1
rdx1qsphjv6wq3u9tyzk9q4dwxr9qq73rtu5d4nkw6wjm875lactmfw69jcpx8a7a,1
rdx1qsp5uyghew2y87980k4lnfyfdfderny6cae4nm780mje7xsajh52clgmv5cp4,1
rdx1qspjnzgdmr2p3q0ynqhwn5kfd8ullkx4se55cuupzeagdgw7he07xvqrv0jmq,1
rdx1qsplgwuk68r39cacl23v87cpkumycka86vk3eaf0qzwpvzr96pvfv7gsseda7,1
rdx1qsp3sdzfs98s987xzmn9523afqhmrvautzgw7jayzvkvvqdl6999r8st70y9e,1
rdx1qsppsmwhhyt3vg3rwmv4x7jsh6dedp34ts7z9ls9xthm798008ekjgqzyudvf,1
rdx1qsppgu83uj8ldq9ne08qt6f57eu8f2qrzkv89wjcew83je7l064q57sum9l5y,1
rdx1qspqnjcskuwxhvgfcj9r7yt0vkn065q4guu29qh0jyvlxkr9u9zaanq0wzccu,1
rdx1qspu986cx6e4ulpqxydd3dc5pem6fujj02dsfmzyrz6aku5ya7vjs4qra8vt0,1
rdx1qsp9k489vnqgj57etdw552nqst8r0l68etn48f5wvcd4k3hfsscrqxclmv5f7,1
rdx1qspj9krr2fsyjpy50zmyy24ap5pj5zj8e0re64gqq2f6qkqz93wymqqcn6al0,1
rdx1qspgunke3vsfwfzwg69e0gdy3p7yyp9mk9qfmlxeew9wvj0z3aa6a9suen562,1
rdx1qspslxjhwehyteh5kelrp0vq48rv34dpmrj3p3tkrsgha6wx9p0g22scepz78,1
rdx1qspv0rxk5z8yk6edpdja6rk4gf0zcv22klnjy4mhztd7vcazfnmxphg9uhu2l,1
rdx1qsprpe9xt0gep96f02kkjcr5syd2akgye9wp0q0t5ulcwp9m43rk5kc4ljn2y,1
rdx1qspvcdz97uaqzxmspsg2ehjr45g02h8texjhxget483smjkxxpm0rlcek9g3q,1
rdx1qsprhf2t4lklwmgycz82nvt2mhg3pyxnezlydn77gru4mxwcd75wv6slgpl9u,1
rdx1qspmdfcz6fqf3ghuyesa8zwp3c8vhdspgp5pg449l8jvujwhmfuzqxgkzhlch,1
rdx1qspg6j7k67sj8g6eucwhpl2yy7zea7sfv6r7tyyqjaczk7s7w75vfasupg7ea,1
rdx1qspr73f5qx64cmrtecg7y5tkw7guf5h2rc2n49ddgkhz2fvtsawnm0smwncle,1
rdx1qspj7s4x4u2zh6p2p9r8mplj6rjwhpjucq03znkkqtwdgl4al39h76g5gpl4t,1
rdx1qsphqy6yrf4d0476wwhdyzdrxvyuscyprcu9nd0kg472nl84408096ctuxw8y,1
rdx1qsplsdx64mllst7f3c5ydqjhfmxsv5l2k90z7v9d0wuzptx6kef02xgmn2w6w,1
rdx1qspmgl2v8rfp59pfcy6daly3q4958ks5p7gdslzzkflwjejqe28vl4cftp27p,1
rdx1qsp8g2ds6pa9ntv3alvvqa6try6quxq00fwfkcgys0rvz7k5rcsh40q9s7q3g,1
rdx1qsp9ty8n02fuglnlj6947m4js7mg65muq5q57h9aawk663geghmqhrqt6njv8,1
rdx1qspnsc5p4a7srnga3fqcay8m7l7l6cxanj6ttky2s8804sglenm22pg6qr0y5,1
rdx1qspqurcj4nxrwsjnkv0m7wslhxaqttzv2umuwxha3wwpnqc5dhslfpspfq4el,1
rdx1qspscmgv43r9szzrm90832h24ltsu3xgynm6907v7g4ldwdg296znvqxduqae,1
rdx1qspskfmlysjhf3g6uta0h2s4slt2scpc0nmqyf4knxd20h68z8q8nyq3rmk8w,1
rdx1qsptcfrhy9uhvczu6axzskwckgcgdkv7ter9236wf58avsya4f58gkqcenc0m,1
rdx1qsp3d6z7nrvwejpj2zvvwwy6c7tl3zs5upyfkmcwj7slwdu2urgfxzgerq63t,1
rdx1qspwu5dl9jp8f60rfwjagq0wtvm2jd75q636fc4tzgst99ecdg2cpqguhkaaq,1
rdx1qsp8p52glpkqh9xew6wjj6zzfx9f4xz3smyj7e6wy3p584r4gwsl48cva3fm5,1
rdx1qspd3ac8tsg6yqct0gdf4g06rkagq5pqq3ltaeuv4cfk6plle5mz8nq88njp7,1
rdx1qsptfjaftm8t87kmzx00p6375h67a0yq9knmcmycm272w8q77kyylac8fjfgp,1
rdx1qspgcckyqt55rz3tpm5hm6qcy8y0t2r6lqr7sk6mm542pf8tg032n3sh57jkt,1
rdx1qspz0vnkvxmnk229qrcfsfu6304l369fvd6h6968ux9qlmf5zklamgcffkw40,1
rdx1qsplgax6sgeqqflwsalad3u7pds83wr892ayrxrhs7r3e2vc9m3dejq6sapew,1
rdx1qspzyaa6uhe4rk9mgmt0qyfqm29hr6m84kvmpqp49wdnn63phv6yttqh9qkxv,1
rdx1qspqmwmfxhsghpjdzlt6cym6jy4pe8ar8fgsn3pm582rryypmvj4u9s6lw8f5,1
rdx1qspd4nga48la5zdjfed7cw9z2d8tpl0wzngydfh2rss7pcmm0hrdtjgpkcawj,1
rdx1qsptdep6k66javy8wws7fp7w9n6hjpcr5sxvtgvaus9uwyy9jy5g38qkapfzz,1
rdx1qspnddtudd6ywdzyfv9q98a07n0un29l5t64yf4qs99gjnyxn6cpwngs5lwd3,1
rdx1qsppfkanyq64etacrhm4c6q0uwc9hd2qg8cndw7hnwu0ltngnnuqsdqcwuks0,1
rdx1qspk3knvcs7ye79385c0r4dt5vek4vqmzdtazxq43uc2xs099fq72pqq40z7z,1
rdx1qspl44ufhl8lyejv3ryks6mskkvhkv8ypw7nauvka89gakggzguyw2spaux66,1
rdx1qsp2pw02x3z33u3uhng8247lm9lr6kwarjp0yxzsdnl50czu62u63vs247zm8,1
rdx1qspdv2puvzy2dgw0ltps7uur8pjap52x0ucc7dzva9epm09pzav93lslwcnlh,1
rdx1qsp3c5h32xemfargxf49p79qgs0n8dy9x679r022z29fz9edsrshs5sscngxt,1
rdx1qsph3latq0e6mc5st72kmn75z2nkkum5rngmkh7jd208kevyr3xkdscnq2ulw,1
rdx1qsplkm0xype5gmkk2pf4tfxfvac78x4zyadru9wk6xpjhw9vtv5658cl6chqe,1
rdx1qsp88nesuf8x6vum60yw4d6e7tuwuemsv202qjvq9300ne7arw8u9ecfzll7a,1
rdx1qsp6cx3vqg3p3kn9c35nvkmsqjw23rcmvz0xd75j625zqmr6qzqx3mqmtte5f,1
rdx1qsplpptxxxqzvaf0maa5jpgxr5pagu6y47qtrrslahdxn42vth8cv9qc3dqyj,1
rdx1qsptnyxtramqwj474q9rz8qafc8ukcvgvltfu9q94dtj2cmcvjazpasa2tfga,1
rdx1qsp8gp2x0xhav66f5l5tzx2t83llexw0p76j8z0al2vws46vcg7ks2c2lafp9,1
rdx1qspmfxl3p2pvhyn7x72eagn7dwz8mnezldlgf4l8x0lxddtlhquk4jgnfw2du,1
rdx1qspvfasx4j7m796u5gxw422c340uxgea8hsev08v756sdxq0rcg7rrqyxujkg,1
rdx1qspeex3ecm7gt79uuregyc90tdmr42mqwc4j7hmce0xr0xakz3wa3eszpprjc,1
rdx1qsp3mgnnj6usk9twa6hk9ec50lcs4j9ssz0z3qd05eg5g2g6lcllg8cjwwg6s,1
rdx1qsprhvwsvppffh8enrj8323na92qk0zy4c5ckx0zd6u3kjwyml9426g3mxklf,1
rdx1qspp94c3sd4fej5rf5c2szf0tl9razaauepqlgjvlujula3lk0d2lfgz7c66v,1
rdx1qsplymkhyeq333adeucl9krhr0eluf4qwkltqrx6tmlacujqzar4kncmwprjl,1
rdx1qspfaekg5z5ch4u5kn0juzdglsqr7tyhd8l6gy8jamcth882dpsdpfsxunrw9,1
rdx1qspj4qw7ehc7pzjvjxj7lus92a06nzl3nz23j222jts0p3348t4zncct0rqev,1
rdx1qsp5thsyt03rceh3h0nn7m6kashr4t6eafggvssv9n42ycf25adg03g4vl7s7,1
rdx1qspqcxy9tytue4ur72yhc48fdkh9z4rq7a0amccwnjw6cq5tk55n7rs6mrfut,1
rdx1qsp0xyeknkfshygak00d33704k7xu5p2pz76xxukk5sdqkm49f4ey8qnxc7mn,1
rdx1qsp4u8p25dr4079fqjk949m679tcfjv86ku3kpta55wevngpfmmdzkgyg4paf,1
rdx1qsp3qvr5aselr9qr2xe4nwf6cryukmg7e6cmv4ld5pdf5xl6ktc67sqavx734,1
rdx1qsph2qrqw0ynnh3hyfhfywu4rwjldcutveq2t0qu9u6vuj3shepehrs7jnqjh,1
rdx1qsphv0yrw6rdx38a008r5n3v2udg5xsuhjdnhe060zjjyq0uu40h6wcupgrgf,1
rdx1qsp3attmdeuz2rnglerkhn7psjnjmjhrdhwrdlzgdzsav0p68yq3gucv8enm4,1
rdx1qspe5ppfwuzsq57e4hk4stpadyn9xuuy24efvjj9f6kgxpqaenunvqsus4yd7,1
rdx1qsp025lgtx8xatnzj52jx8zd636plcjw92383e3x8pfxkgtjlkuz73qetttx6,1
rdx1qsphlu8q2dcjk0zyepk8jdg4ust24y8dqzesv6f3tq0yqm6nc3sw85ckhmtc7,1
rdx1qsp82um2305pz5vnyt2n7yvdzf6p485rt8pjrhxv92mztjxryxk3esccrw5wr,1
rdx1qsp7tf2tj30hl25c0xy3s3a253tlp9gtaswrlaenen8upapwv6evtkcu6xk7r,1
rdx1qspxakm6frn6zyzqcqu29crm6vh8ulmaek08urgx03p6r5aqudcxrkq3mja5h,1
rdx1qspd0a9wd68x2q7lu5kz4cxys9l9tczpls3hdhzw6npz99kudjcap4gge3mrf,1
rdx1qspmwzs9xf995yzy2apfldd53h9sx35gcyjq099vyfg2m4gp2nydwtgevgnkv,1
rdx1qspc9pl8kcjys4m29xznwagl7ufjv6qz0g8uv60r99qzg398zj7yg0gf8d43t,1
rdx1qspx7526h38vn7r5s2n20mrwl0l2q6tpytmr4g3qy54rlcs24c959lckjcg20,1
rdx1qspshlq7mplpmhfkkyf5rn8kg3rllakgppky8syyflad3ymvkzkcgxsxnv2un,1
rdx1qspar22h7ausdyklewgprl8qpnsl0rqqdfdzzjhllkx8rajumx8ql4gs04f3u,1
rdx1qspkt484xqm4qrkghgeem0uvvt9tatpfx66sfzcu7mxc7yz5peeu87sav5fan,1
rdx1qsp57cn6lvteqgkc5ksherccmr7d4qjg2m9hz3c6zmcm8649xstulysc7y3gt,1
rdx1qspt2v43708mt0dev55f7ee27a4l8dlxxts7wefsjdh83qlnu82sh8ssdd9k5,1
rdx1qspz4uh7km0dgjneqxu8pvk3sve5mz605442zw4qg4gyda39jddaskqav7l3g,1
rdx1qsp6mfun32ag6j97uljtpguwklw6gtv3lp30zg3tvq49jyz7mf86u6cphgrym,1
rdx1qspft4y3rkt5klvfe9s4cafpjzmch9aa6xrkxrgc3pf7udcn2kavfmcjrdr2d,1
rdx1qspxq0gfltdpke6dsysjl0jqydtc8ey92r006avesxefy0mvneuml8gn8vwpl,1
rdx1qsp2qc3j3jmrg338ztxqph9q6v6t45acpwsmpdv4t7y2f8eydk7a39centx7u,1
rdx1qspsh8lc7r8xe9arw960queqjjs7uzkqjc3y8vaj49fwg66z7hvandsd475td,1
rdx1qsp0mz688mjylqfcfsvqhxzmqxx93jxu04u4n8pr5hav4f2kvmtqxdqxhmfgj,1
rdx1qspqp6ksdwgk6rlp23avavpm6jrkdhy52649s8jfmqlcl63gd2p54qg970pfd,1
rdx1qspvra3gsdmy0pwkcpdqrw4lxw6z49nj8e4wcxw443vd3uwmlaeqllqfzmypc,1
rdx1qspmxmkrrgmpnx7jc499rscwyxd8a8c245czgaqj95svh3tvyakj0ygvd4vqd,1
rdx1qspqmtn34s7nkj3gmp4v00q8hy93jjhfuksjrcem2jdwncvvr4d9zmc20nmc5,1
rdx1qspkp8a9rak8nw06z3e5spfnu3xhw3avxq5zggjtrd2695ymxvadkhqt5ddnp,1
rdx1qspvkmat3a3n3770yax9sfkaklfvwc0ap948zzp2ku7g52qmq58fwmsnt32c0,1
rdx1qspejl9wscejhknuwf45yglchwl7jwg7f4ytzps97ghmxmtmzw30wqq6n0t9c,1
rdx1qsps664s5jmg30zmt8c08lsa77d4xpcn56mvtgm5aqludmvcen9m3cc9r86g0,1
rdx1qsprghrdlxuwa2temw6zcaplz68xw8a2x9uxpu7ny0mxq2ae2z37dygf4kq3r,1
rdx1qspyx7d6z2u2dxwt9m45j7y8kf5yswfk3zmzty9cpj64x6mdhcpaknszsmeah,1
rdx1qspmgjrh9ypef3frqv553v0wcck4qz6aqv6snhml5cnrdyh78vfw2xgmfxm60,1
rdx1qspavkgjhz295ttxhnx4z26qj6fuk0vev7cu0al8lxksxvtm8kzg40gk98h5k,1
rdx1qsp8va6fqnxyaesm7ws8saepz95j78k3p38fqtpqgumcqym3lr5feyqnrngsv,1
rdx1qspavu7lvrr3n5nxchkkcls8z60nxjaj9dyfeuq5z6p38k8n50hz8wc8vxg8v,1
rdx1qsp4gl8ahu3uz60w5nlfd8ksj66qupfve3n8mh6uswktu5x50acyk2cwrstt5,1
rdx1qsp4z7rvrp0ck4hafaff47ucxw8evncjysmc5ed9pzcyzhj9dagp32sx8ujzp,1
rdx1qspydxa2hycfxs53svuuvjcec60lep0v6xatr4zpym9zly50tc0q4ycm2n3fs,1
rdx1qsp5enqw0l5cyug0crpzr83e6tplr7e5pmxs96wd9rrhu4u5yrpgamgkp0ld6,1
rdx1qspxlvhv34y0hrh4xgk4kl2jx8w6vgq8upl986vrmlcdw70yqecuuxce8cqvt,1
rdx1qsp80prq380s56m33v59e785ax8c33zkeu7gqfrrj770plae6y4v32g4f7na3,1
rdx1qspjyavjtqn6regvrl2x7qzq7tdurmfu4dn3nkpd6kwqhvhy2jggdmcmcu27x,1
rdx1qsphlnntv3yug7dapudhhmsrfkcws5k9f3ukv48dmn3sw6vw6unwzjgsy4prh,1
rdx1qsp9d9phz39g439rl3y0r4fcws8mffk7ljywve25nen92kpy9nyqyhsh8za28,1
rdx1qspu4rhfr42kgzfg37rh98dcjenedrw4kjdnv3k4vl3m6f3gw8pyr7c7zmumd,1
rdx1qsp60yq8qs702getypxdheh8kj0fnen2pscfa8xe93k2qxzeypeqasgcw83tk,1
rdx1qspzkpxl6k74zku6pfgmn62cwtpgtr7ftufv25eg6rfhme0echuqdmsltkdtp,1
rdx1qspe2eu963936lzetc3nq9ft3xhx3ea6dcdd23gn5zq3n959s6dqrrse9xx4d,1
rdx1qspfujgfemqeanrgs6d6ua7ctr7sh3mzsxlkr8qn6uh45zn75fetxmc4x0zez,1
rdx1qsp72y30ycy3yztxjppplx5g5ynlh2aauvn54l7umvg8dg3usjlm9ksmn3egh,1
rdx1qspwqaqr2x750l4skhf9ryqmz8y3a23fgmuv6zd2e77zx2jkyfvt5nq7jpgsq,1
rdx1qsp3n54040c3w59puneut0ruwdzus8l0nl9xcutxj6ejl5rmfdud6tsaewhch,1
rdx1qsptpn9t0tjcc0kr0jtzwkmeex8ygzz8pf80648w4ngyag3lhxgmqdgc2p98t,1
rdx1qspr5a63qty40d42zwv8qv0s7taefznn669mx6h6g33cz654r2tm5ccycr6l2,1
rdx1qsprzqeytnq82zjm7ameh4a75cs6ssdflpzvgm9dxvp9klm42me60yqkckhpj,1
rdx1qsp0h07mestd624hr3ufqy8vtww94dkdgx3estd59rcmux84cc3nxhcvpkyeu,1
rdx1qsp55765qaxj960hp3e25hudt7atncgsn7w2qjvzzxm6rpyvm7hgcpgqnengj,1
rdx1qspzt43mskceqegt4lfuqwe6dqp30m9ffx5uunh38nk56w4jfzssumcqc6snc,1
rdx1qspmfgr2tt3rpc2r3em66dmyrus7rug03wyv5tqvhglsdjwufe98ejq28ss7j,1
rdx1qsp293j6vtdsrh5xw2rpjqlxcjw94tzeddwcj5f2jwrkdtjc62tptkcl3edfu,1
rdx1qspw8fqh2taszezdw8gnjg6z3mfjq53wtgumj0ayl86qfscqgfktwks32va0n,1
rdx1qspdudapzezx6s7h68krh0dylerwggjsxq5jd0r2ayc9qzq6kv7kxmg2lr80p,1
rdx1qsp4mu26f3q6hdq99gc385w4k62n78cmgq2uvav6gmqkgx87yd27yggmtw7ud,1
rdx1qspqmrmkhxv357zn4zz0n5gcp260guvkdwshalgdggc7gpdlgmlz6ecl0q5sd,1
rdx1qspc8ku7dt5ek3pcygnjew0ygw26u5qhjunpj4gjdk4jakx0pqlehfgkffcye,1
rdx1qspw8p67dd4x2c68myt5pw3qm3few97ajyg9g9pmgyvd9h3nvn765gcans3qq,1
rdx1qspphx4l7hza7des4ql08us3zn479d9nx9alzkxjpumeuj2ptmvc54qv9kngt,1
rdx1qsph0hjwjay6l4qnlm3sukwep8cutmv22detnutzszrl7vplr7pt2mcmg60ld,1
rdx1qspahg3uf2hpdfezw2av3n62vtzwtuep6hsgnsjhahrsv8m2jsl0zcq9ehrk8,1
rdx1qsppq4c2a66deprg70fyttschemresq0wp95j5j9vkzknsdullhggjcy520f8,1
rdx1qsp42scq7d5kn25jfmfmcqvtn5mtrqvuuy3ydctxft34kqhpu536plsj6q9v2,1
rdx1qspd6ax73r79zz28m2cg05qertztmjs9w5gyz9flvfe3ryvujn22jxstzurte,1
rdx1qspya3jjvxj9xd5yc9nkexmxd8yqz4fkswqwde8zyd6m0u0am6ms50g59ffrr,1
rdx1qspnl670vxqmz96l8f0qkdysyrnu3yeu05x3aegqwsjxc0mjrnj4w5qetxwgf,1
rdx1qspscg53ldw66sc9k4jqjjn8ap8t4ns6ze5z6skj20kq45vceudmers3rzh22,1
rdx1qspjmw5hgs3thwr7xxyqgzkfflh6ncv3sctapn05ydfay9pd7nyqyuqu8e23m,1
rdx1qspf24q8qadt85lp5n22sy2sjx2k70yk8jdzwz6dz9m8cyf0ygxg4tc2njak2,1
rdx1qspdl3usmmcasnaud0lr9mr07s2p9sp2arqalu4c44ks9mu3fec58fskdx4gm,1
rdx1qspe9vk64w8kkywkr9jtz7pz95h58mvphnljr5gf42uks5qdtunfzwgm94ryy,1
rdx1qsp3gcx5244ywv56fal5rne8l7mcxqx3smcke336ags272guejmhhpq9z3jjp,1
rdx1qspzdwl2w334zuypzsv463ysfyd4365nxcjuv8lye03f3mzuu4fflqc3v2un4,1
rdx1qspjkue42qtc89fwgm2wudshk8jwktzp0dka3gvd3hfl0ml6xrqvchgk8hvau,1
rdx1qsp07p0z8t527ng2uyewcrqg0yhzc47fnu6mzlak920v996wfwlpzssc2kcv7,1
rdx1qsp4ca2mqwyf0660s8r7dz4da9dp2z2z3wzsmql672zr0v8r7rx0mpqj3k5eu,1
rdx1qsp9fcntc2n0ej6gflhtxyg9laz5e6zc7hm0l0fse90hpqn6hg3fv5c055aht,1
rdx1qspf88n06enldjp96a5t6469s76f79jlugq0jkwddrp2amk8zmv6j5gfd989j,1
rdx1qspz62ulx4w0gwtkylc85vz29ujc2lczn8slz28drthxhvysxtug0lqs4hz0h,1
rdx1qspuhg5svlq40urlt03cr30ylwcrzydjlg5uxvdll66phfqj7gryl4segh49v,1
rdx1qsppm7p9zsg7k67n8kpnsgeysckhzc39t73p3zk2tva4wq7wq3jmf5cux2hlv,1
rdx1qsphrgh2vjxz9cc8dz024p0rm07gl4jemh4ttuun2ajhechf2hs7chs6nakmu,1
rdx1qspenrrzq7llt7agt0v8rwzpdghk5xfggka6sq52n2zz7svwn83fe4gjk0nuw,1
rdx1qspftfh9vlxfxuwcmlrxaj2m455venuvt3dn479ecva7u7a53td9ytcr72y0z,1
rdx1qspvlm9n0sc4hyw9t9u86akztn24a0cvmj9elmpk2nkyr7vtdcfd2mgjufz0a,1
rdx1qsprrwa2ydqq7ulp4l5k9tsyerjrvnhgsd48fe58vuqy2gggj85vmncgwfzkz,1
rdx1qspey4tft420w2vyqlpn4rpyeajyu2xhs863q2y3748829hmyl3lsrq384dzz,1
rdx1qsp5pmyhv4e4um4mwktntrg865hnagucw962d0yvgfpy7rxnwst0m8qvz8pey,1
rdx1qspj4jr7jr9jse33u5vxqnkg7auv0ncf4rlp0wms87vg887tzlnhy9cmm29kz,1
rdx1qsprz7608qga73ylg9g28xat4du6t336lwjzlufjy37h6zku7ma39ns9jthqs,1
rdx1qsp9rn467gyqslcwj9mhqanjmg826a5rtps7gjzfszl52njfx6jn3hcnd9kex,1
rdx1qsp3gafw3y3sr7rypukwcw2dz2e9cemrfrfwex4wz5kj57xjhs2mveqfpxmxm,1
rdx1qsph0lajh9zn2mewwjnn6jywyw02vz89807rejae8z9gh0ry2x72dzcyw9jy2,1
rdx1qspp3hfl7stdwwvzqhu8q3rxj2623e3e5933nsa2ncymhgsqlalfjdqju3tsf,1
rdx1qspd9npjscgv07sdtzpjzwx7457apwnx4ltqj3fyvc3ngkrcsruukegl3faj6,1
rdx1qspcypx5kf6xffpqpjjg2feyamqm2gtvyxu7tmyr02lwrfcl9etk3qghnhwdd,1
rdx1qspg7uu97g6vcjgd9wwgedryh9jv8q04wpa8qa0ze7k5frnpqdul9cglhvpkt,1
rdx1qsp9cs2l8m642nhvwu56g6a97v8nqnuaf5wrhd38lay6wt4nwr33hzg45pthq,1
rdx1qspe5zjtkk7pwk7xkavya0zct5hqlvk0vg4uhpepr2ay8y0sygx7qdgnzhm4e,1
rdx1qspc55y6m5zc2yt49khj9tmfmx6q5a7uu88q45xtxyjmqcy25phmt3gjf04v9,1
rdx1qspakvuc8enur3p0ta2fs9vnealw3kj4k96tdctkrtld980pgkwyplqppc2n7,1
rdx1qspz54yw2f3pkj6llhmn4yr37l4vc8fdk6wjng97ztwx3q30qe0uj7s6k0sxt,1
rdx1qsp62v04wtt7zd0sxdv5zh4nd3gswa5e6k3ylnn7t0uqzedeqkxpaxsumfsme,1
rdx1qsp65jex8q37kvy9m6y2d3sfavcxm8jcuspu3jx2gpy4cwss029meesnzfk43,1
rdx1qsp3elcezahyrv237eu8ur9nxn2yge7ppel8j9n6w8axrxqwx4k9s4s6h0s3u,1
rdx1qsp79weczz47wswf7ps62rzav5dqkxetsjrucrrf4fkucegn8afmftgc3luuy,1
rdx1qsp763nvcmnhr946q5ujmnnghf404gsn9xukgxc9q40w5f63y8laxcgjupa2c,1
rdx1qspj8tpn2vgucqlf0nlthhvyfhseavdre2cy8k8h39jr4crajkeuh0qu2rws6,1
rdx1qspx2f8tcx7anutvjk9gz2yak44d6vslngduam07y0szmf2gk3whuls2xrdcw,1
rdx1qspjx9ym38j38r3up47mtgq8uuxx9nykkmjqu5k95em0jy49p88flagsek00d,1
rdx1qspnsevq9hc9wwp7y98y4cwqvpph86tyazm4xq6lcksdnd6v442qqhsn2s9n7,1
rdx1qsp0f24mcek95hq7dsy969wk43mknl6mf0g87v57kdatr4tk4rtcewc0ymjef,1
rdx1qsp8drgdley66qyhsvvgujyty3qkepjre82v3ujx9zyj63d93lz2jkqx5az6n,1
rdx1qspxyrszw4ye9apumphqlcxvfnlkd3n9qxuqcawd5duxh80cdpzrlssu2h40p,1
rdx1qsp4zpdafww9lqq9mwhcd69eklfw0qpfsqc50hwztsxrmpd7lj4expcuwf8we,1
rdx1qspp0jwjydax23lmu4x0935z6v2gj2rgassr7nhg86mh5cykue0rwwsawqdwx,1
rdx1qsp97yudnxrtsa9zvje6y8zsh2335fqfcspfetx5u7kwuxhvn7rtx5s4dgncz,1
rdx1qspln5fujkyppeyahlymh9yx39ugt9lxc40eauyu6xrqxfec3ywcwgq4wt2a6,1
rdx1qspkukh5fz9sfvfcqe860ztcmkwfzwaj6esxwz0sw954nl9a59rnrhsyvzyfz,1
rdx1qspmeuf720kk89qrltu6jzqnl5egmpyqevrsud0g8ak2hg6dqp9wwhg6sprdh,1
rdx1qsp5yssj4crld4gr4vvw32xns43etl9qpaz0z9cylefevucs4d75hqqnusysl,1
rdx1qspqx34gy8fasz98swlruje4zdhdlqfv44npqejvsvgvjq65nvqyx5ch823f5,1
rdx1qsp8pe2tqsv94epdsnccg4r8rrl5e5lrnz3ughyyapufd3xthqjf5agd69nqa,1
rdx1qspaggqqfwx0zp6nuu9cshmcv0992nnpng6j32z738sfedjyw76hzdcv62z48,1
rdx1qspfypm2a38qedzvhs4l55565k66qe3gy5csj4xv76ukhrm6yxspk0g059maq,1
rdx1qsp5klhj98vj99s4jv5ws5hdealp956snagthhe8wlp2jxr6gk00xuqfflzmq,1
rdx1qsp3rts50svz4hwmsh39w9ft3hw77vtre693pg8w252zc3sjymxhknctd9pt3,1
rdx1qsp22cvvnahlzvup6c0whvs2tdzkslefc8wupj264sfrj4yp9w5xktc5yrckl,1
rdx1qspwnvvyzsftyzg30rmuf2r273fw637qgg4qhmxx87nylnhtyrhdvsckqwyjs,1
rdx1qsp9gvyqvs5fh8j9nplypz77zj4f6z3qm4h3v99u0x0yeujpln0gt4ssuu58g,1
rdx1qspmwux80q2fjwsdf640qrzp9w5t9j4xr9seef0zatzk7px0mlqs0ng82v5z3,1
rdx1qspfk0encs2gpz2jyjznxn43m7zgkyg9qu92mn6ynf5c4l68ntmpy4q04d523,1
rdx1qspx7y7mnqky6edx995nvhs2p60amfqll459nygdk5up4rmhml4rragf3q05u,1
rdx1qsp7au2na63tcp2fnczstqd7hmghkuys2fnnpyxt0vgyv7z9fhmrvpqhykj88,1
rdx1qsp3y4mjp8nwp57qp07u4njkv3czf6nrwenhr73kzcns8ad79lwsw9gzqxgmh,1
rdx1qspy5yuppwarxp8zhdds6hxpx8dlcvnuun236rwp4zxe8glx4jjzfgcnx99vu,1
rdx1qsp0y9a2cqeg30q4ge0gm8tpza5swfhycr4qt3nwjqqtu6j53fr8trsxspxnm,1
rdx1qsp0s7jnj33m3uerv4pqa4jcx57y387vkhgmdtkgk450m20s985uryswak6dz,1
rdx1qspvupjtavakyyl826ue8nfcjxdkleedl3l3ymclasdh40q4n8nzsdgen4w8x,1
rdx1qspry3anqhmz6k84dqxl6z7l5ptnzy677ggndywee55f6rtd44eet7sfaxd9c,1
rdx1qspm26np7m509rdmakx5rkew4ygsnf4qtstzfj2t0r6m5s6wdutzymcmwxsu9,1
rdx1qspfd4lqs27zdfev76xwc0qgnakkcygn88jh2j80cmejqk05ph3p2ysn0m9gd,1
rdx1qsp5q7wkuz57pdeyc4rcg6fxueea6zxkyaazpp0pv2p3r7rnzpthkwcwhkfhe,1
rdx1qsp69k07367m9p5k6xex7jlkyv9w2uc7m7szl28kpp0snd9gypth7dsdqysrl,1
rdx1qsp6cnpnpasrcq8ca4jhetusn43q5ff7mf49ymqv0t3snufuphnjm4g7ydt6e,1
rdx1qspca9xaryjn8838rl5f4ft0mh7kwpw47qnlnedgxu78lzv3kpqey2s267czz,1
rdx1qsp4zpzw0uynnjymnsxvmex6dfgyr2v7346zyn3d9fntuyjyneg50jgy0wpmy,1
rdx1qspdzx760u3lpn5f0d20hq920sxlx5nlqc8x4xn4hgzlaedxuhyt4lsd5cry8,1
rdx1qspj4c5yn79psctt7stdvskq29jwychfqsk2jzu7gy56c5zsst9w2fgnxhukd,1
rdx1qsp7ff899z3077d7mmpa8r5ma99xpdem8p33fedqkr4peac4yflujhgr9jxyx,1
rdx1qspqnj6jc6z6dcvchgljnk7z26aepmtp876r5fa99qtrce9sp5zjhschnq8de,1
rdx1qsp0d3hdu5mcsxsfj36dynr0tk359wj3pux0punfj2cxtduvxzqnz3qlaw7j0,1
rdx1qspdv33e6w8s8rhjn7r5738g6ecelgqdrtc0a8yjuy39qq05j34hzxgjzc73h,1
rdx1qsp5kdyntjrfgeqsk2cxeym74eh0fv8fsr90k9y75c2rspssyalqyac8833x0,1
rdx1qspepr46rvr6z7a6ktehasssgjyq969pacrnzw3ylktmzq3sgkek7mc8xgy8t,1
rdx1qsp4pmm3wvx24wprzzww460ru2l6a3uj8m3tsj9r8f6dyx7ty7pq8dqwej26d,1
rdx1qspjjfcyat9hlnydsssvyug5twga4mtyxj20uqwjnkyjntmqaec8h0gm9x498,1
rdx1qsppgan3726q6ktc5j3jt9qp78ux0hv6junr36msgplcgqww3hvcz4gvmnguy,1
rdx1qsp3ht4cmh8rr4jh6h2vc7893n233c4cpzmqyw4qp8g9c7exul237tgemqq7l,1
rdx1qsplc6wwh8ru2ywku3crqzawv0qfxe3qjy8my4tn68w92ly4llhgpmq50zmtv,1
rdx1qspkgckx7cjvs2q4d8g0u4wnkzv2mrzaauvm9ys77q4ut2yygdcxn9g5fyey5,1
rdx1qspalayh2gp54hw3w4c53xvsl50xfv58j78ylumx8vvntjkkdq32fksa3ln04,1
rdx1qsp8xv5zqqfpxn0d4rlj7r0wm8qvzn2jtmqn9tjfjhx02a036j6dk9c9z6mfy,1
rdx1qspwd9tf5fvfvxlrtqks36s80qc4rl3nnrd9tedl6zehs8e3pfm0jtsckkexn,1
rdx1qspqean7pkd2nssmcg97vc320cdkkxpm2punlcdwa3d2fglp83gxxjgr7yhur,1
rdx1qsptpuan6ur0wxsgzrr6gy75s6smyy2jczsn8qpfrnzh5vx9dpl0vhgzx3av0,1
rdx1qsphdwllsl9x992zyy0533l0pcxkutupzdktrhuf8gdx82qv59fzddgdg5myv,1
rdx1qsphcs7m8sr2cqp0pqyes6pfnvhhc7k4s7tv42mddluvtly6x9ula5sa94f5n,1
rdx1qsprfgjct6aecwdc6pqxxvrue0zejy68r85wjutuzrfxkzwaqqhtzdqtpsq29,1
rdx1qspf9fqk2hj5avqkppd6c445qpcxancct9leupld49w0waq2ntlld3c0un962,1
rdx1qsp46j85wwwpwn5tfqys44cnpzjdc329pxp6ljdhu300lzr7w9mz82qe6slry,1
rdx1qspfxk2v0e3v0pe8x9s0cwz64zsrthx0lzq6d2d4gtuwp2a6gemfwkq0e2c0z,1
rdx1qsppqd28ctaaudkajy7maqutpyncvser8pzwtpfg7wr48q6e05gp27ceeyes3,1
rdx1qsp4q3zq4079awfxty6av6mdwar4nvutvgup8klkuq2sfm4qrt4877s2cuetu,1
rdx1qspv7mexkerl5474lnyh289gsjalxmsztpvfgjxpx3ws63z5l6muf3su5zawj,1
rdx1qspcyq72ph24rxhwzde63rw0q8u9w9kapf035k26ytv0tcn702k2vjsjyk4yh,1
rdx1qsp2md4787juvt5vc7t4dt5fqzt82anez4jxgxx2ka4z4hq5k90ms4cx5lms5,1
rdx1qsp75x3jg0zs54vryv69quycugw23eeqdsglv838w820jhlfja8enpcxhl337,1
rdx1qsp886g8desjknrcxn4h0zxj8nd89238umnatzcxpkh0kelpuxlvwygcasp03,1
rdx1qsp4zm5c3jxq4yreqhs7fwjhk5s5gsn7an5kp9qkxyrvac34yvpsvase5ljd6,1
rdx1qsp6ec9d2ffpxyjlvsdyn9a4e9tu35yfqd0j6e88u673r2w352jdfkcwyn2jd,1
rdx1qspwylxpv7mnz5rqv04sasdyeh7y82g22d39lmjkt6nz7qp8e900s8qh6r6ls,1
rdx1qsprumfkt5qdysrddllvnh33kc7zkhhxh3md5aeucuaje2lsllm5tfg9x5uwr,1
rdx1qspm65xatxeq80m8c3der60j6s662nc8knrushvrl3qgzyrettnmqeq0wqhah,1
rdx1qspqk4cg6y8gd6agwgwx05xvas5ft7lfpw9l5d6qszytt9qx7egkwtc2wgefu,1
rdx1qsp9cwn2g7xq7v6rvnpws8tkw6fuhc6ca6yvjvnv56rk7zg60sczs0ctdh0lg,1
rdx1qsp9r830hz5x8n545fchquay8qcauqtlum2zunn84sh49pqvp5xy7ws9lsy2e,1
rdx1qspv45atk67f340jcf4xdy5hhzkxd7tfmtgadc75vhms7cpvd6np8pcpnue4x,1
rdx1qsp2g0sztfxw69r8aacty5k4npw9786tcfu7ysxs333jzxd7mpsrgcsn4yhvg,1
rdx1qsp59a3262gza3wtj35mjxfsxqaza934cnwpmk7tky9jrxusv7qyf8q8a4s6n,1
rdx1qspe7qd79mz6kf9f0n6jvvv4jn9ye7cy2wm62p2s5ygd6tr7000ljrqec4f0y,1
rdx1qspg4ppwft8yp4zlkg5lpzfn78eam20s2e8jdaewmhzjlyk63neu6zc90k86g,1
rdx1qsp4vmfewumjlqaa83etts85seycn45hh3ev887zuljgz249cpmkvrgtn2rd8,1
rdx1qspflqdswnvuavqqy3tdd805cup8tjmxjvt3yxkqcw4acv9agrvsfdsp254sg,1
rdx1qspk54emxdfn20x5p4qdc93kltelq7j4zj36wwsrtmrw5vhq9hd6xzg9gl8de,1
rdx1qsprfxvc7ly8gdynzx9vxfy8fau04zntkr3cpqugjm9wfg8c07ucm6gcuc88r,1
rdx1qspfgtjsk7spgpl5za9zpac4zqx8wz582p7duc7n3q6mw26tg08haughpg6v2,1
rdx1qsp7yfe959q2fdy2e99h3hectxhqzvkydpwl0wuw056qan4j8ftvwcsl8hcwc,1
rdx1qsp7drgcs8kcxkuk376sv2ffkz8wv68gsxvuzpk6eyatpmjrn87aqtgdaf3ep,1
rdx1qsp5xtw90k8e66p7mkmqnhzzva33mfgv6k7m300696rjsndvny40azgspamcj,1
rdx1qsppryc4xfj8rw97nl9r3d79ad3dt9m0lydf7czt5w5czuyk0l5myzswkavqh,1
rdx1qspsgcpyn3qxd5st4zvkppy5g046qc5h4sg0nseqg47ny4z04lzz7ucn7flhj,1
rdx1qsptmstfgv5haejfwpmpct43r40zkqx8xshj8asse7etj774mnwkudcununf6,1
rdx1qspqe29ghsl3j6aswmvv4kkjlj59yk4dywvwtyj25axfckdckpqkegqlf94sd,1
rdx1qspx0jg9uexwdaxpwxw8l8rdtrz4eh02vyeua0anqpps5gshyng9neqekeda0,1
rdx1qspju5jedfqjc5h5wh9kl3cnu8h9y707q2n8yk2zjqu5tx6ck3j3ypcc0ull0,1
rdx1qsphv97s84u0rqcwgs5jsl6y2yn33m3eg79pgyns5v3v5twh2zc72vqen3lmh,1
rdx1qsp8hm2mdjftdqsjjnp59ht3l2m7mlcl8rvhearl6s9c3rg60am5d0szgs903,1
rdx1qspk9nz2e6kf73lct6rvga3alsayk054y5v3089axkdd2nssg6rjgpsghtjc7,1
rdx1qsp9hrchnm7cqxyqqak50ns6wc3ds262u3zacjs6ryknpt8c7kudzcqdj3szq,1
rdx1qspex8tlawnj53z7986anjl07ufp4n6awlz4en332gk44qf5ywscg2gmm0y79,1
rdx1qsph0tn6cl9dlzsym6y6jj6cy3fnq07d9a92qtd8edzls3x026lkh6s86lj3r,1
rdx1qspg9rm5pn0l8xkkkrh5clzhstn3lhr4t0dl8p40rnrdc2tl9gsr0kclm466l,1
rdx1qsphgus6zr86nnsusd3y5sf4upluvuualey6rumqw2xxy6nladypl4qdy484e,1
rdx1qspr7dt6k3g88rrf3802l78cgns3un648dnvc603gudu463dmww49ysm3m40e,1
rdx1qsplpahgesu55fgt7hyvqtdeuky6typ40wusvwavqp5f6dn8xstmwmceuq5ys,1
rdx1qspjgcx44wmnk5e0yy0mh5khphksx7wvr6l88m2k4hfkvxfnjrt2vaqrgznde,1
rdx1qspy3mkn900m2vc5zsxwxg69wsc26726wsaqm4a8k5cavkp2fq4uejgsxvwwm,1
rdx1qspemzf0x8cjzjeznlstz0863wacexgmll4rlflhlellu85u6c4wcrqxx7rjm,1
rdx1qsp66rcahsalajrss8j0gzfrmrl0df4h9gy5npmf7xw0k74wkmnmscqzgkq0k,1
rdx1qspz4vwc4s3sgqfjfmmyrmfj9utctfhrqaldwe9rtnx4tmfzvmdva3s9gsy5l,1
rdx1qspm829cfjsy70psz9jgcjjnuq32u4kpr4kajymhtnv8c6e2vv7nc7qpg5qvj,1
rdx1qsp0nh4prqlngv27l96wka6gh8pv4z3cynk30j5afkd3rq8yqjg7pqsznut6l,1
rdx1qspezjqnlv7y5slhjtvdjamhdx8qkaluxduqhane23rgtyk3c0kvn6s2nfy75,1
rdx1qspqrqe60x0fz6ln5j4qn4wauu5eq58epstvy2tf06rycyzz7txk6dglq9l4n,1
rdx1qspunx8nuheaqmxkxc3qhuje9jur2jtlqh302j74aeytdjt67n2nvdgccndne,1
rdx1qsp408js3mga526dx0e8kpegg5u6pcdaqgjl94kjnw8m5hdhr2l83vqcx6stp,1
rdx1qspzwexd6eu885j4ahyzqtl9t2uleccvyzdt2w9tkhruffgvak8jk9qu0ef3d,1
rdx1qsp4sjfryfr2fanse7y5fcmjkg5gcthfem69gjpwkdnjvdfy70wcygq286jpm,1
rdx1qsphc20pa79ctatnu794288unkssy0kpdgzlx2fv6kc2cd8ugnk3swq8xqp88,1
rdx1qsp7nygk5x3vd07rtaw2le72jgp4scxfrqk6yyhzj5j9snd4m85se7cy46fzw,1
rdx1qsp2pvg82g5cj3jns77k6l7qwp4haud29nvctzcdsyynjpg3ta8qhqg3phusd,1
rdx1qspf8rpkrjwt8n0tq347ksgtawznmfzm2g8cv05n4p7kyk9dq8yjp3sw80zy6,1
rdx1qsph4cvn5fssue95hjkt29rwluvuczcapeqlvpa2ryu3m8xvwtps3fgpua86g,1
rdx1qsp9zeq0zjmug2qtz0hk5q8kuwc92gv5p6cr9xkxsq6uf5cwnnx8z9swc9tw4,1
rdx1qspm4hmzezvknhe5mg5xrf9z7kcw82rpy0q7us4xh7tsugl4hjvwkxsgdgh97,1
rdx1qsppjnwqzew9lzag9s7hymy7veu5z37lp8xyj3gnxx6f8ycp8czpweg6kmdla,1
rdx1qsphyz8fpte0sk4sy0qy99usnw8xf6n347r3lugx9fgtx23ew4dtndsj34f3q,1
rdx1qspp572szvv6hqc2xwpvzt4azzdes0jr6vd35xl0g50xm7dnfr3eu2cuzlach,1
rdx1qspzex9cly2yaauqp5upackccvvqklgx9p4vg9vu5ehcsuuwyjsu0jqdpva68,1
rdx1qspfynjhsyakqzrt3trskpe9y9ekggkgwyfgcud2xl44jahd9h626ysynj4gx,1
rdx1qspfdjkcd2zteq6pmzkk6ywwmxpsfc2453gga2mdll9rh8wkkknzfts2ctc8h,1
rdx1qsp5ue6ntrqkl9tuve8yz5y3s6t3284fnhewsjrxgz9km0adnylpprcyu3med,1
rdx1qspc3etfpu60kfpqnjgug3ghynvzraytmc4u2uk0vmwskn3gg8zv9kq28u2ax,1
rdx1qspy26fa49c707gzcqf4j567c3hcvkvrv9duw96e0yk9tvtahnh5erqs9wqwq,1
rdx1qspekrr7kx3hh52awaysww29l885j3ft25p9pd3dhssn8yhg35wvfvswcp60l,1
rdx1qsp524u4ddd8l2k0l2njk2tpfyn69dmxdatvf87wpv524lnqd2sfddsxmk2dj,1
rdx1qsprk72qsst3cnt8w5gfe28htnv9zdszpst2rsf8ay4y4w666ct3afgyw27lk,1
rdx1qsp8t23234uxupdvxx5d3zun35vycrk7mxgschxhf5r0jrfyuxuk89gdnu9jd,1
rdx1qspmwgc28eusnpfkmg8f29pzst6s0y4qjawnqcgxs37hx8um8prd4mqakqhct,1
rdx1qspjdw2m78027rm5pv9tew3z5h44eav8qt8zz87ew386m02z8epkkkcal3q4j,1
rdx1qspsjnggw9t682hk76plgeef0a8p8fpdvggx890evgud72d7f39r3hsxu7lyn,1
rdx1qspg2h42eq0dd4d9qgmk4uyak886ntjpxkhx8qkqqft52yc5kaxz44g2cu6ds,1
rdx1qspp0lp4wfc6l0clayjwp332nc5u0dwlnn4vg9w7nvdpnpez24hwgnqj2ah9e,1
rdx1qsps6vr9awmzptqe39ggn9l23hmvrayy6ap0sfwrprshtefhkved38g47f7ge,1
rdx1qspv92cm08ln067r43077xaqcf9gmny6xd6ezzthjy9ucwkqndsl05sl05l9c,1
rdx1qspwdkhuv60zy6d5gmzewntxxtsdplqpn7lxvh8naxv6wdc86ucxaggplezhs,1
rdx1qsph6pkasvm2yvhwncw3c5mhl0f3ye9juygyaqcwzeux26gv8jkaywcfecmpg,1
rdx1qspmdcdg05q09ahj0lmyk6594zw50387grsjgwpq36s9dt32yqdd30cvgz82l,1
rdx1qspc24gk029gr3vngz8zrw0kmhluuh6h0wt7qcxt3ut7t34eke6vh5quuduzg,1
rdx1qspgdt9l3mpv39afapspver4pr4v34pddd344a8zzvuzy0ck63f24aqudu03v,1
rdx1qspccd6c362rwaqdkkw0qxdueqkmxcakfpcgnl44rjma6uv4d9n6afcdlehk9,1
rdx1qspalyymc2nfvzdk8v7vdm9mjtgdhm0cmesx5a8fhh6mp830mdjhwhgfh3dzx,1
rdx1qspfepeqflfk2pvayhwpq54kcjdvh3xpzjeltmmk56smzfy75f0fz7gdvern2,1
rdx1qspcpyjx8l99jz67727jx98x63yfvm7jl22vxcqpm02aj306u7l6r4gt56p9c,1
rdx1qspckky4d57km36f37k3z06qnxyw7gnhzzm57jaw37xrephwvn65gvgx3gkqs,1
rdx1qspx6nfk7fm4em2qevx8776m4dqygvq8cl2r7jp3ve6f0zs86lj2jgc77nlhx,1
rdx1qspd7vmtnk8g5t9fxahxukvsnxg5u4lextd0gwnzdjm5m3rs33eh3rcm6eqln,1
rdx1qsp2yq7mczjslvduzldum4eyunqf8u58eepdk8wdxp8vjlz3skgzyzglwr0pf,1
rdx1qspfgwmfs6hmclazyd0lc9ky34eee2eahd39xp6gtwvsxcllzlne5esqnhx2w,1
rdx1qsp3h5p7l6tmhff58kqmg28hgsmz54jycyxgsj8ty50k7ls4c98eths4nd5we,1
rdx1qsp7ma6qasz78v0j6wu2gvzys383kytjmcrc93mglq3y3j6lyhpdg4gyfy6se,1
rdx1qspqx8jk7w3u08253eu70futtfs2yt3lmxwec4ycufyeg323pw9rjxqu00jkf,1
rdx1qspx4uaz50yvdwcwzvz0hwfy632htrzfwluj7904ppt74h8k57gps7sce99xy,1
rdx1qsphmee85yyz09cty5vgqdmguqcefczlr5t3cvfuhvszznslkk4uyycawr6gc,1
rdx1qsp8npfe33hmgwetjsmfmd5yf9kz5pkpu2ump5saczkl8zs8d3q3gwsmzyjjy,1
rdx1qspnqtqfdkv9enstwdhp8j5f9kjpaedu2jm3dzqcj3za9vt5q2glq5qjk4ctw,1
rdx1qspscyrpa0w7wen74vxe63qtsqlsuh5c08v2qnmulmapmgpe23dg48qv9ta0y,1
rdx1qspam9uk0j3v6467jeq5nvv7z982x6f89ahwx75pwf894nalxnfq7sgvhzplv,1
rdx1qsp2mcdf49d2axtyp39xzm7u8m5x7c7cgpcugx0ldqpzfx0wzj8lvlsvs6d66,1
rdx1qspq5g0gl533l5tuhzce0965mx8xhqrkmx73hehyklwm484ujdn22fg30mqcf,1
rdx1qspmps2wgsltnwv87pg4wz7x46f7yvd8rzu2sv9dtcszerjfjeg4v3ss4yh57,1
rdx1qsp855vlfp77s2uy29phq6gcvlx89jd5nyvr78ky4t4qg0cnds37xzct7y8e3,1
rdx1qspdvyj2p99rv449xnacqllmr0p3w2vrmmex2qm7gjz0reta9n6754qpavxq8,1
rdx1qsp58py2zq9l4cd4pau66c6uy3hjvqafu6taaujxkujnf0t9zvy29qc54j3vh,1
rdx1qspguww02xmttpkj04h22uzrqdhn0kgua995pkj2gdsma3fh65pkzwq9d7y3k,1
rdx1qspfm7273wttv4s89wnssfpex0xf3ckjppr3mqf9jaxyr9979jl33lcvct0m0,1
rdx1qsp3zru02w0yv7gprcxsnaqhy8hrm62zvezyj694gpte7lcfmw9m39q9ashzy,1
rdx1qspqp3ygrln7gdk3nnx4yesl4pc5seysqevdrf5aqvxj7gwd5lspa8sxqstnl,1
rdx1qspce5fhas6kxv3808pxg7dtjexzyhctm0ytrkas30zq06navvhyhls8kzv52,1
rdx1qspl4sz9z5dsdeq7e49pw953kfwr47rgxlffk0gqrkx98kkljmtfasq3py9dy,1
rdx1qsptxlgycclujw3suy2shnt9zcuwlqgdgtuszccz46gw4t88rkqrs4g2dqdfx,1
rdx1qsp5hs2klrglh8ehvg965cxzg2ujkvg4p4lyj99et92qfskgcd9mlscrvyp4z,1
rdx1qspfexjw9jg0vpl4n4p607yucgpsae9d09yw2m3erkhdh5ej0gr06jcn59vh6,1
rdx1qsp0rpy3rg43ad5vzmlr33p6uwjayylct8z6jqjm8ntv9wyfyuq4yqse6yvka,1
rdx1qspmjxwr5g6hj4qexkxx5en83xggxhkmgsc2rgmpq6kt9ddp9e4m07smcz6wj,1
rdx1qspz9f0canja0cnh0t06luc6kcmrgnwhz5juca07djagal33tls58dsnl599d,1
rdx1qspf93g9v6ft68ak6scqd4pdeskhyyrgaje5pg2a8qxwkrac67zts7c59ls0u,1
rdx1qspnuh42jgct8alznqzjevahjashnf5g3dys97l7ys8frcm94zmzrhqxq9k6x,1
rdx1qspf7e6cp3vn409crfh6hur4tsxrm7qzgamgdhlv3qsa8umvwjhvunq3tg55q,1
rdx1qsp930a2qh7xaf0fshswr2282ctfz6zr253tqez2j03qsyh7784w0xggx2nw3,1
rdx1qsp37qtkhv25ppvt8mfz58a7jwalaz3t9ccjnuxur4ydgggegveq2pq5mxnnf,1
rdx1qsplu8uz4d56llm86mlf0qs3hxz28pqx79fnc67du72v6ps9xjagxmcgcf5w4,1
rdx1qspespgfgv69fl80t5239wz8dzsrczgvttxkglwruyca7nff7ccnnhgg84ye2,1
rdx1qspqgxgvf5u9mm3n9w6mphmwm3dtal4arkajd5uzk4hatugllgfp5jq2ejhnt,1
rdx1qsp6rgnsmjw4wcn5y8yqta3ylkl7lgvygyld475n927ehqcs9rlc6wsnkswfc,1
rdx1qspqkkzm4kgk6hxv2hj7csa0qj7sp9j7hzkzrmp7ewjw2hszdnrw0hqyjuxqe,1
rdx1qspe22c7kx7endwhu03pqu7rks6w4q0y26jxmvv4zxw3sfc37edmkgq5rgp3s,1
rdx1qspwq97pyavqt9dnetyjfslmwxqlkpk86alhz4nr2xcrmp84h7fkyqgq40xrr,1
rdx1qspkccz0a6twtqaexh6rl0vlzmnk63zu4nhatld5jrqkz8q3z0efwusjpxphc,1
rdx1qspp4yz7ccfv9edvnuc0rr2rks0krzs6nq92kfwcy42z4xcxc09zywgp9x2lx,1
rdx1qspw5m5qn0304jmyzhsngtajca85htrkkfadtskcfc4r263r4gce92g63wt46,1
rdx1qsp0zumlnvkz2vy863l0uupynyfkga65jdyquj6ckuh6z3ppeuqvy2s933jr8,1
rdx1qspm4qtmmr23xuwn0el2lg90hlwdfxhl2n5w2r407cvtjnjmvrn9dnqcju9r7,1
rdx1qspv99ys55wqzng2l3sld2ppszph3why5uenuf6w74klwcagrtpxmjchc42cc,1
rdx1qspz7k9wtfe6pn3dmm5x8rj9u42g323eux8sfajzv236uk3laqwlwmsdu6zmc,1
rdx1qspzpxzscjd599zxmruzdwm5pqjwvgf5vkz8c4xrpkremhtnzg80eysn08kd7,1
rdx1qspm9674ttmrx8mhepal68ksfkx6g94y8ngffllzq6ktd3c0vknyqrg90j9te,1
rdx1qsp0spw2vxglumwsufaanfau3q2qekpjn7rhy28fyrppjgxtjxydm5qwqdnlq,1
rdx1qspchdn7ng5cwzxz6aptjdm5h7ms96ravleus29qfrcya5ctgqz5zeg0swszr,1
rdx1qsprgusxtq6ksvd3hewwcm6754nv4uwzj87k7yxcdj5x3ffyh9jvlrqsnv5l9,1
rdx1qsp0yzndl68sucevv5hp8wkge50ztyjh5hzaf5nxnal5d6lmql7r60sw5tah7,1
rdx1qsp04hyjxhysj7ye5px68hjzqflmukvk548kq7txjylgr4ev70vrmzq42td87,1
rdx1qsphnk86krl5we9n7m4zmtaaqequf3l4zw0vuxs5hqqwy483dm7l43spuf7k7,1
rdx1qspvk3h3sp06nw3swvusmzlc8k9xyp7nh6ut4pds6sr60af3jpw8udgu0p05l,1
rdx1qspdqlg607skavt9d03vrys4wpfacxmrefzwyev2qn0x7eqvfx6ffxq9q394p,1
rdx1qspz0gxzprhegk8dsf8u5zknmpf68f5g8c4dhlex0n3uypky3f5z6dqsxwleh,1
rdx1qspxdfct5skh76ku62753yxll0erck5fzkfl07s8neqnncprt6qjrkstsm688,1
rdx1qspptp33q5g66sv9spyur5ud95lrk2xgkv6u2pd970a4e6xpc4arswqvzs8cr,1
rdx1qsp4et3738s0qcyp280jyy2m89yf6v575cxcdufhhd2q73ccge8v7esp6427s,1
rdx1qspq7j7mt29wj8smqz70que2yksknsgqnsh3s36p3n2kj4p9tgudy0syudnmy,1
rdx1qspl7ammlks27v365nc0eqvz2x6a8fv84mtyynptt0hsfpakrq5v25sa34hzz,1
rdx1qspg62hct2sw80urntf42r4k2y08zvr83tcx7q59k47lnftnvjthrjskqaqnh,1
rdx1qspuhh7x48ppjxxqf27z7e8y20g2n4hzjaa34m5yzzg90dclh50hpjsyvlwjq,1
rdx1qsp87je55vlptvf42qjyuu02lvpgm3dsqd3j07lp5eg4jjrn6sqn9wgcq9xfe,1
rdx1qsp620n2f2n67nrf2k48rm6rp2d89jpx030tumksa3syuh8eu7206ssyc7t4x,1
rdx1qspm5exks5quhhkup9wqnhxlak8pdx82tnvrrn245q9687zs32dtgpsyv6gg4,1
rdx1qsp73lx75sw8hs9v8x84zfqjksagyvdwrdcqq58hmcjmmn64yss40cg7hjckf,1
rdx1qspfejmhrhp2whegaklx2420t6zde0gzg4p8ajsm8eaz2da4q6nttuqhuhvug,1
rdx1qspfq7g5fey7s44dyg8m36j595hkp3lr5cxsj2ryg2rhs5xgfax30rshne20h,1
rdx1qsp3hf63k7c6d9n46h7fgkyc9q9yj2sayg23mnnfaga5v9lvng8z7kc9pxs5u,1
rdx1qsp5l6jjkhjwjhm8dsnc38z38rtw5w59eqxlhaggxhf0703qlkfcdsg0x76z3,1
rdx1qsppl7hzzwzyrf0qqclskcmj54053gxvpm8yv3z5fsfx3keq40ngkegrlhsc8,1
rdx1qsptc3lmy7pl60rlkl2mh2aurdcu3dsyu9xzae9d74vkp3f4706pqsqx6furw,1
rdx1qsptldzp85dvyar0f0fzwvlwc9rm80457c00sv6qg5nrnnjh7hsztncjdpchz,1
rdx1qspuh9n4j7e0pttw6za9r0gg6csk048smvctafsqmvwfals0n8ehvnc9c4ap4,1
